측정일자,미세먼지(㎍/㎥)
2010-01-01,32
2010-01-02,53
2010-01-03,45
2010-01-04,37
2010-01-05,56
2010-01-06,38
2010-01-07,49
2010-01-08,71
2010-01-09,72
2010-01-10,67
2010-01-11,81
2010-01-12,35
2010-01-13,38
2010-01-14,47
2010-01-15,56
2010-01-16,63
2010-01-17,51
2010-01-18,76
2010-01-19,86
2010-01-20,42
2010-01-21,49
2010-01-22,52
2010-01-23,58
2010-01-24,66
2010-01-25,165
2010-01-26,68
2010-01-27,54
2010-01-28,67
2010-01-29,50
2010-01-30,87
2010-01-31,114
2010-02-01,123
2010-02-02,28
2010-02-03,43
2010-02-04,54
2010-02-05,34
2010-02-06,45
2010-02-07,47
2010-02-08,51
2010-02-09,30
2010-02-10,14
2010-02-11,6
2010-02-12,9
2010-02-13,20
2010-02-14,11
2010-02-15,0
2010-02-16,35
2010-02-17,48
2010-02-18,61
2010-02-19,55
2010-02-20,74
2010-02-21,63
2010-02-22,67
2010-02-23,77
2010-02-24,68
2010-02-25,31
2010-02-26,32
2010-02-27,34
2010-02-28,60
2010-03-01,26
2010-03-02,28
2010-03-03,79
2010-03-04,31
2010-03-05,44
2010-03-06,74
2010-03-07,15
2010-03-08,13
2010-03-09,18
2010-03-10,26
2010-03-11,47
2010-03-12,84
2010-03-13,130
2010-03-14,87
2010-03-15,106
2010-03-16,268
2010-03-17,47
2010-03-18,44
2010-03-19,47
2010-03-20,118
2010-03-21,50
2010-03-22,51
2010-03-23,50
2010-03-24,78
2010-03-25,60
2010-03-26,49
2010-03-27,99
2010-03-28,65
2010-03-29,59
2010-03-30,69
2010-03-31,34
2010-04-01,66
2010-04-02,98
2010-04-03,84
2010-04-04,54
2010-04-05,46
2010-04-06,57
2010-04-07,37
2010-04-08,67
2010-04-09,52
2010-04-10,69
2010-04-11,28
2010-04-12,29
2010-04-13,40
2010-04-14,37
2010-04-15,44
2010-04-16,81
2010-04-17,49
2010-04-18,60
2010-04-19,48
2010-04-20,59
2010-04-21,31
2010-04-22,16
2010-04-23,18
2010-04-24,46
2010-04-25,65
2010-04-26,42
2010-04-27,31
2010-04-28,37
2010-04-29,60
2010-04-30,59
2010-05-01,42
2010-05-02,62
2010-05-03,91
2010-05-04,85
2010-05-05,78
2010-05-06,39
2010-05-07,43
2010-05-08,73
2010-05-09,90
2010-05-10,96
2010-05-11,62
2010-05-12,52
2010-05-13,75
2010-05-14,40
2010-05-15,62
2010-05-16,45
2010-05-17,63
2010-05-18,23
2010-05-19,73
2010-05-20,141
2010-05-21,156
2010-05-22,109
2010-05-23,16
2010-05-24,13
2010-05-25,37
2010-05-26,25
2010-05-27,22
2010-05-28,55
2010-05-29,48
2010-05-30,33
2010-05-31,30
2010-06-01,32
2010-06-02,57
2010-06-03,59
2010-06-04,47
2010-06-05,50
2010-06-06,47
2010-06-07,35
2010-06-08,31
2010-06-09,65
2010-06-10,95
2010-06-11,65
2010-06-12,35
2010-06-13,29
2010-06-14,46
2010-06-15,29
2010-06-16,53
2010-06-17,168
2010-06-18,165
2010-06-19,102
2010-06-20,55
2010-06-21,65
2010-06-22,61
2010-06-23,48
2010-06-24,57
2010-06-25,76
2010-06-26,42
2010-06-27,26
2010-06-28,65
2010-06-29,83
2010-06-30,66
2010-07-01,74
2010-07-02,75
2010-07-03,51
2010-07-04,27
2010-07-05,59
2010-07-06,88
2010-07-07,86
2010-07-08,50
2010-07-09,49
2010-07-10,49
2010-07-11,27
2010-07-12,31
2010-07-13,34
2010-07-14,41
2010-07-15,71
2010-07-16,42
2010-07-17,22
2010-07-18,17
2010-07-19,25
2010-07-20,27
2010-07-21,30
2010-07-22,19
2010-07-23,19
2010-07-24,48
2010-07-25,29
2010-07-26,16
2010-07-27,22
2010-07-28,16
2010-07-29,24
2010-07-30,44
2010-07-31,53
2010-08-01,56
2010-08-02,40
2010-08-03,28
2010-08-04,67
2010-08-05,52
2010-08-06,23
2010-08-07,22
2010-08-08,26
2010-08-09,21
2010-08-10,26
2010-08-11,15
2010-08-12,32
2010-08-13,57
2010-08-14,60
2010-08-15,49
2010-08-16,65
2010-08-17,39
2010-08-18,31
2010-08-19,35
2010-08-20,35
2010-08-21,33
2010-08-22,28
2010-08-23,26
2010-08-24,16
2010-08-25,7
2010-08-26,15
2010-08-27,27
2010-08-28,22
2010-08-29,18
2010-08-30,23
2010-08-31,40
2010-09-01,31
2010-09-02,31
2010-09-03,36
2010-09-04,32
2010-09-05,33
2010-09-06,14
2010-09-07,15
2010-09-08,15
2010-09-09,12
2010-09-10,33
2010-09-11,20
2010-09-12,18
2010-09-13,43
2010-09-14,53
2010-09-15,15
2010-09-16,35
2010-09-17,63
2010-09-18,50
2010-09-19,56
2010-09-20,41
2010-09-21,40
2010-09-22,13
2010-09-23,10
2010-09-24,20
2010-09-25,20
2010-09-26,24
2010-09-27,44
2010-09-28,42
2010-09-29,43
2010-09-30,46
2010-10-01,49
2010-10-02,30
2010-10-03,27
2010-10-04,21
2010-10-05,33
2010-10-06,52
2010-10-07,54
2010-10-08,0
2010-10-09,19
2010-10-10,47
2010-10-11,86
2010-10-12,73
2010-10-13,47
2010-10-14,44
2010-10-15,32
2010-10-16,48
2010-10-17,61
2010-10-18,44
2010-10-19,67
2010-10-20,92
2010-10-21,48
2010-10-22,21
2010-10-23,30
2010-10-24,32
2010-10-25,59
2010-10-26,39
2010-10-27,29
2010-10-28,36
2010-10-29,43
2010-10-30,34
2010-10-31,32
2010-11-01,56
2010-11-02,47
2010-11-03,40
2010-11-04,80
2010-11-05,147
2010-11-06,215
2010-11-07,189
2010-11-08,52
2010-11-09,28
2010-11-10,23
2010-11-11,139
2010-11-12,120
2010-11-13,76
2010-11-14,57
2010-11-15,27
2010-11-16,36
2010-11-17,71
2010-11-18,70
2010-11-19,87
2010-11-20,120
2010-11-21,118
2010-11-22,64
2010-11-23,40
2010-11-24,71
2010-11-25,59
2010-11-26,64
2010-11-27,114
2010-11-28,110
2010-11-29,67
2010-11-30,136
2010-12-01,185
2010-12-02,100
2010-12-03,88
2010-12-04,40
2010-12-05,51
2010-12-06,60
2010-12-07,36
2010-12-08,38
2010-12-09,32
2010-12-10,52
2010-12-11,79
2010-12-12,19
2010-12-13,26
2010-12-14,36
2010-12-15,35
2010-12-16,38
2010-12-17,63
2010-12-18,85
2010-12-19,71
2010-12-20,126
2010-12-21,103
2010-12-22,59
2010-12-23,68
2010-12-24,42
2010-12-25,32
2010-12-26,42
2010-12-27,44
2010-12-28,52
2010-12-29,34
2010-12-30,37
2010-12-31,36
2011-01-01,41
2011-01-02,47
2011-01-03,53
2011-01-04,48
2011-01-05,33
2011-01-06,36
2011-01-07,46
2011-01-08,60
2011-01-09,49
2011-01-10,44
2011-01-11,67
2011-01-12,40
2011-01-13,53
2011-01-14,66
2011-01-15,51
2011-01-16,33
2011-01-17,33
2011-01-18,40
2011-01-19,48
2011-01-20,50
2011-01-21,53
2011-01-22,46
2011-01-23,58
2011-01-24,59
2011-01-25,48
2011-01-26,42
2011-01-27,40
2011-01-28,42
2011-01-29,35
2011-01-30,42
2011-01-31,46
2011-02-01,79
2011-02-02,116
2011-02-03,148
2011-02-04,176
2011-02-05,161
2011-02-06,157
2011-02-07,135
2011-02-08,75
2011-02-09,59
2011-02-10,62
2011-02-11,72
2011-02-12,56
2011-02-13,52
2011-02-14,67
2011-02-15,78
2011-02-16,72
2011-02-17,82
2011-02-18,97
2011-02-19,92
2011-02-20,59
2011-02-21,41
2011-02-22,64
2011-02-23,107
2011-02-24,54
2011-02-25,52
2011-02-26,44
2011-02-27,28
2011-02-28,12
2011-03-01,29
2011-03-02,26
2011-03-03,29
2011-03-04,40
2011-03-05,42
2011-03-06,53
2011-03-07,48
2011-03-08,40
2011-03-09,43
2011-03-10,45
2011-03-11,53
2011-03-12,67
2011-03-13,51
2011-03-14,73
2011-03-15,65
2011-03-16,34
2011-03-17,34
2011-03-18,37
2011-03-19,298
2011-03-20,203
2011-03-21,159
2011-03-22,40
2011-03-23,42
2011-03-24,48
2011-03-25,47
2011-03-26,42
2011-03-27,37
2011-03-28,47
2011-03-29,60
2011-03-30,77
2011-03-31,111
2011-04-01,96
2011-04-02,93
2011-04-03,89
2011-04-04,76
2011-04-05,67
2011-04-06,61
2011-04-07,25
2011-04-08,46
2011-04-09,74
2011-04-10,94
2011-04-11,79
2011-04-12,64
2011-04-13,78
2011-04-14,73
2011-04-15,58
2011-04-16,78
2011-04-17,68
2011-04-18,27
2011-04-19,41
2011-04-20,72
2011-04-21,55
2011-04-22,19
2011-04-23,35
2011-04-24,42
2011-04-25,48
2011-04-26,20
2011-04-27,20
2011-04-28,19
2011-04-29,44
2011-04-30,36
2011-05-01,173
2011-05-02,279
2011-05-03,243
2011-05-04,65
2011-05-05,63
2011-05-06,54
2011-05-07,45
2011-05-08,61
2011-05-09,37
2011-05-10,18
2011-05-11,7
2011-05-12,90
2011-05-13,104
2011-05-14,87
2011-05-15,98
2011-05-16,72
2011-05-17,44
2011-05-18,49
2011-05-19,40
2011-05-20,23
2011-05-21,26
2011-05-22,27
2011-05-23,53
2011-05-24,75
2011-05-25,80
2011-05-26,45
2011-05-27,34
2011-05-28,52
2011-05-29,54
2011-05-30,72
2011-05-31,39
2011-06-01,41
2011-06-02,102
2011-06-03,69
2011-06-04,45
2011-06-05,56
2011-06-06,45
2011-06-07,51
2011-06-08,49
2011-06-09,44
2011-06-10,63
2011-06-11,48
2011-06-12,55
2011-06-13,41
2011-06-14,46
2011-06-15,55
2011-06-16,38
2011-06-17,35
2011-06-18,53
2011-06-19,50
2011-06-20,63
2011-06-21,43
2011-06-22,29
2011-06-23,18
2011-06-24,14
2011-06-25,4
2011-06-26,5
2011-06-27,22
2011-06-28,66
2011-06-29,14
2011-06-30,13
2011-07-01,28
2011-07-02,65
2011-07-03,25
2011-07-04,40
2011-07-05,55
2011-07-06,55
2011-07-07,38
2011-07-08,24
2011-07-09,19
2011-07-10,19
2011-07-11,7
2011-07-12,8
2011-07-13,13
2011-07-14,8
2011-07-15,13
2011-07-16,11
2011-07-17,14
2011-07-18,17
2011-07-19,10
2011-07-20,12
2011-07-21,20
2011-07-22,36
2011-07-23,54
2011-07-24,45
2011-07-25,31
2011-07-26,39
2011-07-27,3
2011-07-28,13
2011-07-29,28
2011-07-30,35
2011-07-31,14
2011-08-01,12
2011-08-02,9
2011-08-03,20
2011-08-04,23
2011-08-05,26
2011-08-06,17
2011-08-07,10
2011-08-08,19
2011-08-09,36
2011-08-10,30
2011-08-11,22
2011-08-12,20
2011-08-13,13
2011-08-14,42
2011-08-15,54
2011-08-16,52
2011-08-17,26
2011-08-18,14
2011-08-19,31
2011-08-20,46
2011-08-21,25
2011-08-22,30
2011-08-23,17
2011-08-24,11
2011-08-25,13
2011-08-26,13
2011-08-27,17
2011-08-28,24
2011-08-29,39
2011-08-30,30
2011-08-31,29
2011-09-01,40
2011-09-02,33
2011-09-03,13
2011-09-04,15
2011-09-05,23
2011-09-06,37
2011-09-07,34
2011-09-08,25
2011-09-09,21
2011-09-10,24
2011-09-11,7
2011-09-12,10
2011-09-13,19
2011-09-14,29
2011-09-15,29
2011-09-16,41
2011-09-17,31
2011-09-18,6
2011-09-19,14
2011-09-20,9
2011-09-21,13
2011-09-22,30
2011-09-23,49
2011-09-24,53
2011-09-25,61
2011-09-26,58
2011-09-27,37
2011-09-28,22
2011-09-29,15
2011-09-30,23
2011-10-01,23
2011-10-02,22
2011-10-03,27
2011-10-04,32
2011-10-05,42
2011-10-06,56
2011-10-07,57
2011-10-08,60
2011-10-09,61
2011-10-10,70
2011-10-11,53
2011-10-12,55
2011-10-13,62
2011-10-14,55
2011-10-15,41
2011-10-16,25
2011-10-17,21
2011-10-18,33
2011-10-19,31
2011-10-20,20
2011-10-21,17
2011-10-22,18
2011-10-23,27
2011-10-24,39
2011-10-25,20
2011-10-26,35
2011-10-27,40
2011-10-28,57
2011-10-29,41
2011-10-30,36
2011-10-31,60
2011-11-01,46
2011-11-02,60
2011-11-03,65
2011-11-04,43
2011-11-05,21
2011-11-06,7
2011-11-07,22
2011-11-08,28
2011-11-09,15
2011-11-10,18
2011-11-11,22
2011-11-12,52
2011-11-13,88
2011-11-14,38
2011-11-15,39
2011-11-16,52
2011-11-17,53
2011-11-18,33
2011-11-19,23
2011-11-20,18
2011-11-21,20
2011-11-22,30
2011-11-23,26
2011-11-24,20
2011-11-25,32
2011-11-26,48
2011-11-27,40
2011-11-28,42
2011-11-29,46
2011-11-30,3
2011-12-01,7
2011-12-02,10
2011-12-03,10
2011-12-04,28
2011-12-05,28
2011-12-06,39
2011-12-07,68
2011-12-08,61
2011-12-09,34
2011-12-10,27
2011-12-11,34
2011-12-12,50
2011-12-13,45
2011-12-14,71
2011-12-15,23
2011-12-16,33
2011-12-17,34
2011-12-18,35
2011-12-19,34
2011-12-20,42
2011-12-21,55
2011-12-22,43
2011-12-23,31
2011-12-24,28
2011-12-25,22
2011-12-26,26
2011-12-27,50
2011-12-28,68
2011-12-29,97
2011-12-30,116
2011-12-31,101
2012-01-01,80
2012-01-02,92
2012-01-03,90
2012-01-04,66
2012-01-05,45
2012-01-06,55
2012-01-07,84
2012-01-08,79
2012-01-09,115
2012-01-10,88
2012-01-11,58
2012-01-12,48
2012-01-13,64
2012-01-14,38
2012-01-15,44
2012-01-16,57
2012-01-17,60
2012-01-18,115
2012-01-19,79
2012-01-20,14
2012-01-21,50
2012-01-22,57
2012-01-23,25
2012-01-24,25
2012-01-25,25
2012-01-26,47
2012-01-27,79
2012-01-28,37
2012-01-29,43
2012-01-30,37
2012-01-31,40
2012-02-01,44
2012-02-02,41
2012-02-03,34
2012-02-04,52
2012-02-05,39
2012-02-06,37
2012-02-07,81
2012-02-08,42
2012-02-09,33
2012-02-10,35
2012-02-11,27
2012-02-12,28
2012-02-13,45
2012-02-14,81
2012-02-15,59
2012-02-16,47
2012-02-17,43
2012-02-18,38
2012-02-19,30
2012-02-20,43
2012-02-21,74
2012-02-22,58
2012-02-23,57
2012-02-24,79
2012-02-25,65
2012-02-26,40
2012-02-27,40
2012-02-28,35
2012-02-29,33
2012-03-01,51
2012-03-02,33
2012-03-03,17
2012-03-04,13
2012-03-05,8
2012-03-06,57
2012-03-07,56
2012-03-08,52
2012-03-09,47
2012-03-10,34
2012-03-11,34
2012-03-12,27
2012-03-13,44
2012-03-14,55
2012-03-15,51
2012-03-16,38
2012-03-17,29
2012-03-18,52
2012-03-19,22
2012-03-20,33
2012-03-21,37
2012-03-22,77
2012-03-23,25
2012-03-24,21
2012-03-25,55
2012-03-26,38
2012-03-27,47
2012-03-28,113
2012-03-29,79
2012-03-30,52
2012-03-31,70
2012-04-01,88
2012-04-02,80
2012-04-03,19
2012-04-04,77
2012-04-05,43
2012-04-06,35
2012-04-07,37
2012-04-08,55
2012-04-09,81
2012-04-10,80
2012-04-11,19
2012-04-12,44
2012-04-13,53
2012-04-14,49
2012-04-15,35
2012-04-16,42
2012-04-17,53
2012-04-18,47
2012-04-19,52
2012-04-20,37
2012-04-21,11
2012-04-22,8
2012-04-23,75
2012-04-24,62
2012-04-25,42
2012-04-26,23
2012-04-27,39
2012-04-28,43
2012-04-29,48
2012-04-30,35
2012-05-01,21
2012-05-02,12
2012-05-03,10
2012-05-04,48
2012-05-05,88
2012-05-06,52
2012-05-07,63
2012-05-08,65
2012-05-09,95
2012-05-10,58
2012-05-11,23
2012-05-12,40
2012-05-13,60
2012-05-14,42
2012-05-15,48
2012-05-16,63
2012-05-17,42
2012-05-18,51
2012-05-19,41
2012-05-20,43
2012-05-21,38
2012-05-22,36
2012-05-23,42
2012-05-24,44
2012-05-25,63
2012-05-26,73
2012-05-27,39
2012-05-28,51
2012-05-29,42
2012-05-30,40
2012-05-31,46
2012-06-01,48
2012-06-02,45
2012-06-03,41
2012-06-04,43
2012-06-05,30
2012-06-06,52
2012-06-07,96
2012-06-08,50
2012-06-09,50
2012-06-10,55
2012-06-11,27
2012-06-12,25
2012-06-13,23
2012-06-14,22
2012-06-15,21
2012-06-16,30
2012-06-17,38
2012-06-18,46
2012-06-19,35
2012-06-20,26
2012-06-21,52
2012-06-22,38
2012-06-23,28
2012-06-24,59
2012-06-25,24
2012-06-26,6
2012-06-27,16
2012-06-28,20
2012-06-29,30
2012-06-30,9
2012-07-01,46
2012-07-02,28
2012-07-03,20
2012-07-04,58
2012-07-05,26
2012-07-06,6
2012-07-07,22
2012-07-08,29
2012-07-09,37
2012-07-10,43
2012-07-11,21
2012-07-12,39
2012-07-13,34
2012-07-14,10
2012-07-15,4
2012-07-16,12
2012-07-17,21
2012-07-18,17
2012-07-19,10
2012-07-20,24
2012-07-21,44
2012-07-22,29
2012-07-23,15
2012-07-24,16
2012-07-25,18
2012-07-26,20
2012-07-27,31
2012-07-28,26
2012-07-29,13
2012-07-30,14
2012-07-31,17
2012-08-01,25
2012-08-02,13
2012-08-03,11
2012-08-04,17
2012-08-05,19
2012-08-06,21
2012-08-07,11
2012-08-08,25
2012-08-09,36
2012-08-10,28
2012-08-11,35
2012-08-12,24
2012-08-13,9
2012-08-14,15
2012-08-15,9
2012-08-16,22
2012-08-17,25
2012-08-18,12
2012-08-19,12
2012-08-20,8
2012-08-21,7
2012-08-22,18
2012-08-23,13
2012-08-24,7
2012-08-25,13
2012-08-26,18
2012-08-27,11
2012-08-28,8
2012-08-29,36
2012-08-30,27
2012-08-31,29
2012-09-01,57
2012-09-02,18
2012-09-03,50
2012-09-04,26
2012-09-05,14
2012-09-06,22
2012-09-07,27
2012-09-08,11
2012-09-09,19
2012-09-10,25
2012-09-11,12
2012-09-12,20
2012-09-13,24
2012-09-14,21
2012-09-15,19
2012-09-16,8
2012-09-17,4
2012-09-18,28
2012-09-19,28
2012-09-20,32
2012-09-21,37
2012-09-22,29
2012-09-23,24
2012-09-24,17
2012-09-25,24
2012-09-26,29
2012-09-27,22
2012-09-28,20
2012-09-29,12
2012-09-30,16
2012-10-01,17
2012-10-02,18
2012-10-03,18
2012-10-04,22
2012-10-05,30
2012-10-06,33
2012-10-07,27
2012-10-08,19
2012-10-09,26
2012-10-10,27
2012-10-11,17
2012-10-12,30
2012-10-13,32
2012-10-14,34
2012-10-15,35
2012-10-16,29
2012-10-17,18
2012-10-18,18
2012-10-19,44
2012-10-20,45
2012-10-21,43
2012-10-22,33
2012-10-23,17
2012-10-24,24
2012-10-25,30
2012-10-26,48
2012-10-27,25
2012-10-28,26
2012-10-29,32
2012-10-30,51
2012-10-31,42
2012-11-01,29
2012-11-02,28
2012-11-03,35
2012-11-04,20
2012-11-05,30
2012-11-06,46
2012-11-07,63
2012-11-08,56
2012-11-09,58
2012-11-10,38
2012-11-11,26
2012-11-12,35
2012-11-13,26
2012-11-14,24
2012-11-15,34
2012-11-16,42
2012-11-17,26
2012-11-18,23
2012-11-19,34
2012-11-20,44
2012-11-21,57
2012-11-22,67
2012-11-23,55
2012-11-24,29
2012-11-25,36
2012-11-26,27
2012-11-27,24
2012-11-28,121
2012-11-29,31
2012-11-30,38
2012-12-01,33
2012-12-02,27
2012-12-03,41
2012-12-04,22
2012-12-05,26
2012-12-06,23
2012-12-07,28
2012-12-08,25
2012-12-09,32
2012-12-10,41
2012-12-11,54
2012-12-12,60
2012-12-13,66
2012-12-14,30
2012-12-15,18
2012-12-16,51
2012-12-17,65
2012-12-18,34
2012-12-19,37
2012-12-20,62
2012-12-21,64
2012-12-22,64
2012-12-23,22
2012-12-24,24
2012-12-25,35
2012-12-26,28
2012-12-27,46
2012-12-28,44
2012-12-29,51
2012-12-30,27
2012-12-31,25
2013-01-01,36
2013-01-02,18
2013-01-03,29
2013-01-04,37
2013-01-05,53
2013-01-06,88
2013-01-07,69
2013-01-08,62
2013-01-09,31
2013-01-10,34
2013-01-11,48
2013-01-12,107
2013-01-13,156
2013-01-14,112
2013-01-15,108
2013-01-16,86
2013-01-17,110
2013-01-18,51
2013-01-19,77
2013-01-20,101
2013-01-21,24
2013-01-22,12
2013-01-23,29
2013-01-24,62
2013-01-25,28
2013-01-26,29
2013-01-27,30
2013-01-28,47
2013-01-29,58
2013-01-30,67
2013-01-31,65
2013-02-01,29
2013-02-02,33
2013-02-03,22
2013-02-04,28
2013-02-05,44
2013-02-06,50
2013-02-07,33
2013-02-08,38
2013-02-09,45
2013-02-10,44
2013-02-11,28
2013-02-12,33
2013-02-13,47
2013-02-14,67
2013-02-15,47
2013-02-16,33
2013-02-17,41
2013-02-18,47
2013-02-19,31
2013-02-20,30
2013-02-21,34
2013-02-22,59
2013-02-23,37
2013-02-24,44
2013-02-25,40
2013-02-26,55
2013-02-27,70
2013-02-28,79
2013-03-01,54
2013-03-02,33
2013-03-03,37
2013-03-04,71
2013-03-05,83
2013-03-06,73
2013-03-07,133
2013-03-08,173
2013-03-09,137
2013-03-10,48
2013-03-11,44
2013-03-12,52
2013-03-13,22
2013-03-14,21
2013-03-15,45
2013-03-16,39
2013-03-17,46
2013-03-18,26
2013-03-19,46
2013-03-20,28
2013-03-21,42
2013-03-22,46
2013-03-23,61
2013-03-24,46
2013-03-25,42
2013-03-26,42
2013-03-27,39
2013-03-28,35
2013-03-29,40
2013-03-30,40
2013-03-31,43
2013-04-01,61
2013-04-02,29
2013-04-03,58
2013-04-04,112
2013-04-05,147
2013-04-06,58
2013-04-07,19
2013-04-08,44
2013-04-09,60
2013-04-10,28
2013-04-11,37
2013-04-12,31
2013-04-13,44
2013-04-14,65
2013-04-15,50
2013-04-16,59
2013-04-17,45
2013-04-18,55
2013-04-19,34
2013-04-20,29
2013-04-21,65
2013-04-22,61
2013-04-23,41
2013-04-24,39
2013-04-25,63
2013-04-26,45
2013-04-27,50
2013-04-28,35
2013-04-29,43
2013-04-30,53
2013-05-01,40
2013-05-02,35
2013-05-03,47
2013-05-04,64
2013-05-05,52
2013-05-06,50
2013-05-07,70
2013-05-08,56
2013-05-09,59
2013-05-10,28
2013-05-11,77
2013-05-12,106
2013-05-13,74
2013-05-14,53
2013-05-15,58
2013-05-16,20
2013-05-17,23
2013-05-18,41
2013-05-19,15
2013-05-20,42
2013-05-21,44
2013-05-22,62
2013-05-23,100
2013-05-24,93
2013-05-25,85
2013-05-26,88
2013-05-27,52
2013-05-28,13
2013-05-29,34
2013-05-30,71
2013-05-31,66
2013-06-01,60
2013-06-02,53
2013-06-03,56
2013-06-04,37
2013-06-05,42
2013-06-06,37
2013-06-07,39
2013-06-08,52
2013-06-09,37
2013-06-10,30
2013-06-11,23
2013-06-12,11
2013-06-13,45
2013-06-14,55
2013-06-15,37
2013-06-16,26
2013-06-17,24
2013-06-18,18
2013-06-19,35
2013-06-20,47
2013-06-21,44
2013-06-22,48
2013-06-23,38
2013-06-24,47
2013-06-25,44
2013-06-26,36
2013-06-27,39
2013-06-28,33
2013-06-29,33
2013-06-30,50
2013-07-01,45
2013-07-02,32
2013-07-03,30
2013-07-04,47
2013-07-05,29
2013-07-06,58
2013-07-07,42
2013-07-08,14
2013-07-09,25
2013-07-10,30
2013-07-11,32
2013-07-12,25
2013-07-13,12
2013-07-14,14
2013-07-15,16
2013-07-16,16
2013-07-17,19
2013-07-18,15
2013-07-19,16
2013-07-20,16
2013-07-21,22
2013-07-22,24
2013-07-23,28
2013-07-24,37
2013-07-25,85
2013-07-26,98
2013-07-27,50
2013-07-28,39
2013-07-29,59
2013-07-30,40
2013-07-31,41
2013-08-01,35
2013-08-02,31
2013-08-03,19
2013-08-04,40
2013-08-05,47
2013-08-06,30
2013-08-07,42
2013-08-08,52
2013-08-09,77
2013-08-10,76
2013-08-11,48
2013-08-12,30
2013-08-13,16
2013-08-14,16
2013-08-15,16
2013-08-16,14
2013-08-17,22
2013-08-18,38
2013-08-19,31
2013-08-20,35
2013-08-21,34
2013-08-22,36
2013-08-23,18
2013-08-24,31
2013-08-25,30
2013-08-26,29
2013-08-27,50
2013-08-28,59
2013-08-29,46
2013-08-30,25
2013-08-31,22
2013-09-01,21
2013-09-02,26
2013-09-03,19
2013-09-04,16
2013-09-05,14
2013-09-06,12
2013-09-07,13
2013-09-08,41
2013-09-09,63
2013-09-10,71
2013-09-11,22
2013-09-12,32
2013-09-13,20
2013-09-14,16
2013-09-15,22
2013-09-16,23
2013-09-17,27
2013-09-18,40
2013-09-19,43
2013-09-20,43
2013-09-21,32
2013-09-22,18
2013-09-23,25
2013-09-24,26
2013-09-25,19
2013-09-26,21
2013-09-27,31
2013-09-28,42
2013-09-29,13
2013-09-30,9
2013-10-01,20
2013-10-02,32
2013-10-03,22
2013-10-04,30
2013-10-05,19
2013-10-06,10
2013-10-07,13
2013-10-08,12
2013-10-09,15
2013-10-10,27
2013-10-11,44
2013-10-12,25
2013-10-13,32
2013-10-14,32
2013-10-15,20
2013-10-16,15
2013-10-17,26
2013-10-18,22
2013-10-19,16
2013-10-20,16
2013-10-21,13
2013-10-22,13
2013-10-23,18
2013-10-24,37
2013-10-25,45
2013-10-26,41
2013-10-27,47
2013-10-28,52
2013-10-29,58
2013-10-30,26
2013-10-31,35
2013-11-01,45
2013-11-02,48
2013-11-03,48
2013-11-04,46
2013-11-05,51
2013-11-06,54
2013-11-07,42
2013-11-08,20
2013-11-09,24
2013-11-10,0
2013-11-11,41
2013-11-12,19
2013-11-13,43
2013-11-14,44
2013-11-15,66
2013-11-16,73
2013-11-17,21
2013-11-18,14
2013-11-19,22
2013-11-20,22
2013-11-21,23
2013-11-22,55
2013-11-23,99
2013-11-24,87
2013-11-25,18
2013-11-26,23
2013-11-27,19
2013-11-28,50
2013-11-29,42
2013-11-30,40
2013-12-01,53
2013-12-02,59
2013-12-03,75
2013-12-04,109
2013-12-05,120
2013-12-06,27
2013-12-07,30
2013-12-08,35
2013-12-09,32
2013-12-10,40
2013-12-11,24
2013-12-12,27
2013-12-13,37
2013-12-14,25
2013-12-15,30
2013-12-16,51
2013-12-17,65
2013-12-18,44
2013-12-19,33
2013-12-20,87
2013-12-21,78
2013-12-22,40
2013-12-23,34
2013-12-24,61
2013-12-25,71
2013-12-26,61
2013-12-27,48
2013-12-28,17
2013-12-29,27
2013-12-30,79
2013-12-31,104
2014-01-01,114
2014-01-02,48
2014-01-03,53
2014-01-04,42
2014-01-05,42
2014-01-06,63
2014-01-07,78
2014-01-08,64
2014-01-09,18
2014-01-10,31
2014-01-11,42
2014-01-12,59
2014-01-13,25
2014-01-14,37
2014-01-15,48
2014-01-16,101
2014-01-17,111
2014-01-18,57
2014-01-19,44
2014-01-20,64
2014-01-21,102
2014-01-22,86
2014-01-23,48
2014-01-24,47
2014-01-25,43
2014-01-26,33
2014-01-27,33
2014-01-28,27
2014-01-29,35
2014-01-30,37
2014-01-31,18
2014-02-01,21
2014-02-02,19
2014-02-03,59
2014-02-04,32
2014-02-05,39
2014-02-06,40
2014-02-07,11
2014-02-08,8
2014-02-09,19
2014-02-10,27
2014-02-11,15
2014-02-12,17
2014-02-13,23
2014-02-14,14
2014-02-15,26
2014-02-16,53
2014-02-17,69
2014-02-18,18
2014-02-19,28
2014-02-20,59
2014-02-21,60
2014-02-22,92
2014-02-23,104
2014-02-24,156
2014-02-25,164
2014-02-26,120
2014-02-27,112
2014-02-28,111
2014-03-01,88
2014-03-02,31
2014-03-03,55
2014-03-04,81
2014-03-05,37
2014-03-06,32
2014-03-07,29
2014-03-08,39
2014-03-09,36
2014-03-10,36
2014-03-11,45
2014-03-12,34
2014-03-13,41
2014-03-14,57
2014-03-15,89
2014-03-16,97
2014-03-17,60
2014-03-18,125
2014-03-19,123
2014-03-20,68
2014-03-21,30
2014-03-22,57
2014-03-23,77
2014-03-24,52
2014-03-25,55
2014-03-26,64
2014-03-27,81
2014-03-28,108
2014-03-29,49
2014-03-30,37
2014-03-31,65
2014-04-01,70
2014-04-02,60
2014-04-03,58
2014-04-04,19
2014-04-05,40
2014-04-06,39
2014-04-07,65
2014-04-08,47
2014-04-09,69
2014-04-10,57
2014-04-11,66
2014-04-12,70
2014-04-13,70
2014-04-14,70
2014-04-15,71
2014-04-16,148
2014-04-17,85
2014-04-18,63
2014-04-19,43
2014-04-20,39
2014-04-21,54
2014-04-22,54
2014-04-23,83
2014-04-24,108
2014-04-25,60
2014-04-26,49
2014-04-27,24
2014-04-28,11
2014-04-29,11
2014-04-30,26
2014-05-01,51
2014-05-02,75
2014-05-03,26
2014-05-04,37
2014-05-05,36
2014-05-06,38
2014-05-07,42
2014-05-08,33
2014-05-09,42
2014-05-10,33
2014-05-11,28
2014-05-12,41
2014-05-13,92
2014-05-14,76
2014-05-15,50
2014-05-16,53
2014-05-17,58
2014-05-18,51
2014-05-19,56
2014-05-20,69
2014-05-21,56
2014-05-22,51
2014-05-23,73
2014-05-24,66
2014-05-25,48
2014-05-26,83
2014-05-27,154
2014-05-28,171
2014-05-29,133
2014-05-30,68
2014-05-31,112
2014-06-01,85
2014-06-02,79
2014-06-03,24
2014-06-04,18
2014-06-05,16
2014-06-06,25
2014-06-07,34
2014-06-08,31
2014-06-09,39
2014-06-10,31
2014-06-11,18
2014-06-12,25
2014-06-13,52
2014-06-14,38
2014-06-15,41
2014-06-16,36
2014-06-17,71
2014-06-18,56
2014-06-19,50
2014-06-20,48
2014-06-21,20
2014-06-22,19
2014-06-23,30
2014-06-24,39
2014-06-25,50
2014-06-26,43
2014-06-27,31
2014-06-28,35
2014-06-29,31
2014-06-30,25
2014-07-01,41
2014-07-02,76
2014-07-03,19
2014-07-04,16
2014-07-05,29
2014-07-06,24
2014-07-07,31
2014-07-08,27
2014-07-09,18
2014-07-10,31
2014-07-11,59
2014-07-12,69
2014-07-13,53
2014-07-14,76
2014-07-15,89
2014-07-16,49
2014-07-17,21
2014-07-18,15
2014-07-19,42
2014-07-20,54
2014-07-21,48
2014-07-22,17
2014-07-23,15
2014-07-24,10
2014-07-25,15
2014-07-26,34
2014-07-27,79
2014-07-28,59
2014-07-29,40
2014-07-30,25
2014-07-31,24
2014-08-01,13
2014-08-02,11
2014-08-03,6
2014-08-04,8
2014-08-05,49
2014-08-06,42
2014-08-07,41
2014-08-08,20
2014-08-09,17
2014-08-10,11
2014-08-11,25
2014-08-12,58
2014-08-13,68
2014-08-14,25
2014-08-15,30
2014-08-16,37
2014-08-17,27
2014-08-18,8
2014-08-19,14
2014-08-20,34
2014-08-21,16
2014-08-22,70
2014-08-23,72
2014-08-24,55
2014-08-25,41
2014-08-26,11
2014-08-27,7
2014-08-28,16
2014-08-29,23
2014-08-30,21
2014-08-31,25
2014-09-01,30
2014-09-02,18
2014-09-03,4
2014-09-04,15
2014-09-05,24
2014-09-06,31
2014-09-07,46
2014-09-08,50
2014-09-09,66
2014-09-10,25
2014-09-11,33
2014-09-12,36
2014-09-13,17
2014-09-14,14
2014-09-15,35
2014-09-16,32
2014-09-17,44
2014-09-18,18
2014-09-19,25
2014-09-20,30
2014-09-21,28
2014-09-22,24
2014-09-23,19
2014-09-24,14
2014-09-25,20
2014-09-26,24
2014-09-27,29
2014-09-28,38
2014-09-29,42
2014-09-30,19
2014-10-01,22
2014-10-02,31
2014-10-03,20
2014-10-04,16
2014-10-05,15
2014-10-06,17
2014-10-07,27
2014-10-08,31
2014-10-09,38
2014-10-10,40
2014-10-11,26
2014-10-12,28
2014-10-13,18
2014-10-14,22
2014-10-15,32
2014-10-16,30
2014-10-17,31
2014-10-18,36
2014-10-19,54
2014-10-20,24
2014-10-21,10
2014-10-22,13
2014-10-23,25
2014-10-24,35
2014-10-25,43
2014-10-26,30
2014-10-27,43
2014-10-28,55
2014-10-29,52
2014-10-30,56
2014-10-31,42
2014-11-01,36
2014-11-02,56
2014-11-03,37
2014-11-04,26
2014-11-05,27
2014-11-06,52
2014-11-07,46
2014-11-08,56
2014-11-09,58
2014-11-10,52
2014-11-11,65
2014-11-12,42
2014-11-13,82
2014-11-14,28
2014-11-15,30
2014-11-16,42
2014-11-17,31
2014-11-18,32
2014-11-19,49
2014-11-20,55
2014-11-21,53
2014-11-22,41
2014-11-23,68
2014-11-24,65
2014-11-25,29
2014-11-26,26
2014-11-27,43
2014-11-28,20
2014-11-29,14
2014-11-30,9
2014-12-01,47
2014-12-02,89
2014-12-03,23
2014-12-04,43
2014-12-05,29
2014-12-06,32
2014-12-07,42
2014-12-08,39
2014-12-09,51
2014-12-10,43
2014-12-11,48
2014-12-12,37
2014-12-13,29
2014-12-14,32
2014-12-15,39
2014-12-16,31
2014-12-17,20
2014-12-18,25
2014-12-19,36
2014-12-20,26
2014-12-21,18
2014-12-22,26
2014-12-23,36
2014-12-24,49
2014-12-25,28
2014-12-26,31
2014-12-27,46
2014-12-28,51
2014-12-29,112
2014-12-30,103
2014-12-31,35
2015-01-01,69
2015-01-02,28
2015-01-03,36
2015-01-04,39
2015-01-05,73
2015-01-06,40
2015-01-07,36
2015-01-08,42
2015-01-09,42
2015-01-10,35
2015-01-11,44
2015-01-12,41
2015-01-13,50
2015-01-14,64
2015-01-15,63
2015-01-16,84
2015-01-17,35
2015-01-18,32
2015-01-19,64
2015-01-20,44
2015-01-21,55
2015-01-22,43
2015-01-23,37
2015-01-24,50
2015-01-25,55
2015-01-26,39
2015-01-27,47
2015-01-28,42
2015-01-29,44
2015-01-30,40
2015-01-31,40
2015-02-01,29
2015-02-02,44
2015-02-03,58
2015-02-04,79
2015-02-05,90
2015-02-06,54
2015-02-07,43
2015-02-08,113
2015-02-09,42
2015-02-10,103
2015-02-11,96
2015-02-12,37
2015-02-13,32
2015-02-14,53
2015-02-15,75
2015-02-16,41
2015-02-17,66
2015-02-18,64
2015-02-19,61
2015-02-20,50
2015-02-21,23
2015-02-22,276
2015-02-23,591
2015-02-24,106
2015-02-25,72
2015-02-26,33
2015-02-27,32
2015-02-28,41
2015-03-01,102
2015-03-02,89
2015-03-03,50
2015-03-04,43
2015-03-05,41
2015-03-06,39
2015-03-07,43
2015-03-08,83
2015-03-09,72
2015-03-10,33
2015-03-11,44
2015-03-12,32
2015-03-13,40
2015-03-14,35
2015-03-15,41
2015-03-16,88
2015-03-17,128
2015-03-18,73
2015-03-19,51
2015-03-20,98
2015-03-21,163
2015-03-22,138
2015-03-23,54
2015-03-24,41
2015-03-25,39
2015-03-26,39
2015-03-27,46
2015-03-28,43
2015-03-29,68
2015-03-30,150
2015-03-31,98
2015-04-01,19
2015-04-02,22
2015-04-03,32
2015-04-04,12
2015-04-05,14
2015-04-06,57
2015-04-07,39
2015-04-08,27
2015-04-09,45
2015-04-10,52
2015-04-11,66
2015-04-12,45
2015-04-13,24
2015-04-14,16
2015-04-15,41
2015-04-16,78
2015-04-17,68
2015-04-18,52
2015-04-19,27
2015-04-20,10
2015-04-21,40
2015-04-22,71
2015-04-23,61
2015-04-24,71
2015-04-25,60
2015-04-26,55
2015-04-27,60
2015-04-28,44
2015-04-29,40
2015-04-30,28
2015-05-01,40
2015-05-02,36
2015-05-03,21
2015-05-04,54
2015-05-05,36
2015-05-06,43
2015-05-07,40
2015-05-08,44
2015-05-09,37
2015-05-10,36
2015-05-11,40
2015-05-12,37
2015-05-13,64
2015-05-14,53
2015-05-15,90
2015-05-16,47
2015-05-17,50
2015-05-18,38
2015-05-19,45
2015-05-20,39
2015-05-21,37
2015-05-22,48
2015-05-23,39
2015-05-24,29
2015-05-25,39
2015-05-26,39
2015-05-27,35
2015-05-28,33
2015-05-29,43
2015-05-30,35
2015-05-31,42
2015-06-01,36
2015-06-02,31
2015-06-03,39
2015-06-04,34
2015-06-05,27
2015-06-06,27
2015-06-07,25
2015-06-08,34
2015-06-09,37
2015-06-10,43
2015-06-11,34
2015-06-12,38
2015-06-13,68
2015-06-14,27
2015-06-15,31
2015-06-16,43
2015-06-17,33
2015-06-18,22
2015-06-19,20
2015-06-20,32
2015-06-21,19
2015-06-22,25
2015-06-23,28
2015-06-24,34
2015-06-25,34
2015-06-26,8
2015-06-27,10
2015-06-28,18
2015-06-29,18
2015-06-30,27
2015-07-01,30
2015-07-02,49
2015-07-03,32
2015-07-04,26
2015-07-05,28
2015-07-06,24
2015-07-07,28
2015-07-08,5
2015-07-09,9
2015-07-10,17
2015-07-11,23
2015-07-12,7
2015-07-13,26
2015-07-14,55
2015-07-15,43
2015-07-16,8
2015-07-17,8
2015-07-18,24
2015-07-19,19
2015-07-20,16
2015-07-21,18
2015-07-22,28
2015-07-23,24
2015-07-24,11
2015-07-25,16
2015-07-26,14
2015-07-27,24
2015-07-28,30
2015-07-29,32
2015-07-30,60
2015-07-31,52
2015-08-01,42
2015-08-02,26
2015-08-03,25
2015-08-04,23
2015-08-05,28
2015-08-06,31
2015-08-07,33
2015-08-08,27
2015-08-09,17
2015-08-10,25
2015-08-11,55
2015-08-12,47
2015-08-13,33
2015-08-14,32
2015-08-15,59
2015-08-16,58
2015-08-17,23
2015-08-18,18
2015-08-19,30
2015-08-20,32
2015-08-21,25
2015-08-22,33
2015-08-23,35
2015-08-24,23
2015-08-25,5
2015-08-26,8
2015-08-27,17
2015-08-28,22
2015-08-29,26
2015-08-30,29
2015-08-31,27
2015-09-01,19
2015-09-02,21
2015-09-03,19
2015-09-04,27
2015-09-05,24
2015-09-06,9
2015-09-07,8
2015-09-08,9
2015-09-09,12
2015-09-10,21
2015-09-11,33
2015-09-12,18
2015-09-13,19
2015-09-14,29
2015-09-15,22
2015-09-16,13
2015-09-17,9
2015-09-18,17
2015-09-19,31
2015-09-20,46
2015-09-21,46
2015-09-22,37
2015-09-23,36
2015-09-24,34
2015-09-25,34
2015-09-26,46
2015-09-27,32
2015-09-28,31
2015-09-29,20
2015-09-30,16
2015-10-01,14
2015-10-02,30
2015-10-03,43
2015-10-04,27
2015-10-05,26
2015-10-06,27
2015-10-07,41
2015-10-08,52
2015-10-09,32
2015-10-10,20
2015-10-11,14
2015-10-12,16
2015-10-13,31
2015-10-14,46
2015-10-15,32
2015-10-16,45
2015-10-17,57
2015-10-18,73
2015-10-19,91
2015-10-20,84
2015-10-21,108
2015-10-22,69
2015-10-23,44
2015-10-24,29
2015-10-25,26
2015-10-26,28
2015-10-27,33
2015-10-28,28
2015-10-29,20
2015-10-30,27
2015-10-31,26
2015-11-01,35
2015-11-02,45
2015-11-03,62
2015-11-04,73
2015-11-05,67
2015-11-06,42
2015-11-07,8
2015-11-08,3
2015-11-09,12
2015-11-10,42
2015-11-11,31
2015-11-12,11
2015-11-13,9
2015-11-14,9
2015-11-15,14
2015-11-16,21
2015-11-17,14
2015-11-18,7
2015-11-19,8
2015-11-20,45
2015-11-21,42
2015-11-22,26
2015-11-23,4
2015-11-24,17
2015-11-25,12
2015-11-26,31
2015-11-27,35
2015-11-28,40
2015-11-29,33
2015-11-30,38
2015-12-01,40
2015-12-02,46
2015-12-03,18
2015-12-04,36
2015-12-05,30
2015-12-06,29
2015-12-07,46
2015-12-08,56
2015-12-09,50
2015-12-10,33
2015-12-11,28
2015-12-12,24
2015-12-13,33
2015-12-14,33
2015-12-15,50
2015-12-16,26
2015-12-17,16
2015-12-18,36
2015-12-19,53
2015-12-20,47
2015-12-21,41
2015-12-22,52
2015-12-23,59
2015-12-24,123
2015-12-25,32
2015-12-26,90
2015-12-27,35
2015-12-28,28
2015-12-29,58
2015-12-30,63
2015-12-31,69
2016-01-01,69
2016-01-02,55
2016-01-03,109
2016-01-04,89
2016-01-05,37
2016-01-06,57
2016-01-07,43
2016-01-08,34
2016-01-09,39
2016-01-10,34
2016-01-11,43
2016-01-12,52
2016-01-13,37
2016-01-14,44
2016-01-15,48
2016-01-16,64
2016-01-17,68
2016-01-18,59
2016-01-19,36
2016-01-20,36
2016-01-21,48
2016-01-22,48
2016-01-23,32
2016-01-24,40
2016-01-25,56
2016-01-26,84
2016-01-27,62
2016-01-28,52
2016-01-29,45
2016-01-30,46
2016-01-31,41
2016-02-01,40
2016-02-02,47
2016-02-03,55
2016-02-04,53
2016-02-05,44
2016-02-06,55
2016-02-07,48
2016-02-08,78
2016-02-09,53
2016-02-10,35
2016-02-11,39
2016-02-12,25
2016-02-13,11
2016-02-14,32
2016-02-15,37
2016-02-16,28
2016-02-17,41
2016-02-18,46
2016-02-19,81
2016-02-20,42
2016-02-21,29
2016-02-22,45
2016-02-23,54
2016-02-24,32
2016-02-25,51
2016-02-26,51
2016-02-27,68
2016-02-28,43
2016-02-29,59
2016-03-01,32
2016-03-02,36
2016-03-03,57
2016-03-04,65
2016-03-05,22
2016-03-06,110
2016-03-07,124
2016-03-08,89
2016-03-09,47
2016-03-10,37
2016-03-11,37
2016-03-12,45
2016-03-13,62
2016-03-14,64
2016-03-15,57
2016-03-16,63
2016-03-17,76
2016-03-18,62
2016-03-19,81
2016-03-20,93
2016-03-21,96
2016-03-22,77
2016-03-23,81
2016-03-24,47
2016-03-25,76
2016-03-26,69
2016-03-27,69
2016-03-28,69
2016-03-29,99
2016-03-30,100
2016-03-31,53
2016-04-01,75
2016-04-02,86
2016-04-03,48
2016-04-04,32
2016-04-05,67
2016-04-06,78
2016-04-07,39
2016-04-08,82
2016-04-09,122
2016-04-10,134
2016-04-11,50
2016-04-12,62
2016-04-13,59
2016-04-14,60
2016-04-15,56
2016-04-16,51
2016-04-17,53
2016-04-18,67
2016-04-19,47
2016-04-20,67
2016-04-21,26
2016-04-22,86
2016-04-23,226
2016-04-24,159
2016-04-25,82
2016-04-26,83
2016-04-27,53
2016-04-28,64
2016-04-29,68
2016-04-30,78
2016-05-01,47
2016-05-02,49
2016-05-03,16
2016-05-04,57
2016-05-05,59
2016-05-06,47
2016-05-07,119
2016-05-08,58
2016-05-09,66
2016-05-10,30
2016-05-11,31
2016-05-12,28
2016-05-13,42
2016-05-14,42
2016-05-15,31
2016-05-16,42
2016-05-17,65
2016-05-18,46
2016-05-19,40
2016-05-20,53
2016-05-21,38
2016-05-22,60
2016-05-23,71
2016-05-24,31
2016-05-25,95
2016-05-26,102
2016-05-27,86
2016-05-28,81
2016-05-29,91
2016-05-30,100
2016-05-31,77
2016-06-01,42
2016-06-02,37
2016-06-03,49
2016-06-04,51
2016-06-05,53
2016-06-06,22
2016-06-07,40
2016-06-08,40
2016-06-09,54
2016-06-10,63
2016-06-11,47
2016-06-12,31
2016-06-13,60
2016-06-14,50
2016-06-15,34
2016-06-16,31
2016-06-17,57
2016-06-18,67
2016-06-19,38
2016-06-20,56
2016-06-21,66
2016-06-22,66
2016-06-23,47
2016-06-24,43
2016-06-25,36
2016-06-26,31
2016-06-27,37
2016-06-28,65
2016-06-29,37
2016-06-30,30
2016-07-01,19
2016-07-02,12
2016-07-03,44
2016-07-04,20
2016-07-05,12
2016-07-06,18
2016-07-07,39
2016-07-08,56
2016-07-09,39
2016-07-10,35
2016-07-11,58
2016-07-12,31
2016-07-13,32
2016-07-14,33
2016-07-15,17
2016-07-16,7
2016-07-17,14
2016-07-18,27
2016-07-19,37
2016-07-20,38
2016-07-21,35
2016-07-22,40
2016-07-23,41
2016-07-24,36
2016-07-25,42
2016-07-26,32
2016-07-27,31
2016-07-28,58
2016-07-29,38
2016-07-30,39
2016-07-31,35
2016-08-01,30
2016-08-02,23
2016-08-03,31
2016-08-04,29
2016-08-05,43
2016-08-06,61
2016-08-07,35
2016-08-08,42
2016-08-09,31
2016-08-10,54
2016-08-11,35
2016-08-12,46
2016-08-13,37
2016-08-14,35
2016-08-15,39
2016-08-16,52
2016-08-17,44
2016-08-18,60
2016-08-19,63
2016-08-20,32
2016-08-21,29
2016-08-22,30
2016-08-23,33
2016-08-24,36
2016-08-25,29
2016-08-26,14
2016-08-27,12
2016-08-28,9
2016-08-29,15
2016-08-30,30
2016-08-31,19
2016-09-01,69
2016-09-02,31
2016-09-03,21
2016-09-04,20
2016-09-05,31
2016-09-06,61
2016-09-07,75
2016-09-08,47
2016-09-09,41
2016-09-10,40
2016-09-11,40
2016-09-12,27
2016-09-13,18
2016-09-14,31
2016-09-15,42
2016-09-16,51
2016-09-17,30
2016-09-18,23
2016-09-19,12
2016-09-20,16
2016-09-21,33
2016-09-22,40
2016-09-23,53
2016-09-24,64
2016-09-25,49
2016-09-26,43
2016-09-27,33
2016-09-28,33
2016-09-29,14
2016-09-30,30
2016-10-01,47
2016-10-02,28
2016-10-03,15
2016-10-04,30
2016-10-05,27
2016-10-06,40
2016-10-07,25
2016-10-08,20
2016-10-09,20
2016-10-10,29
2016-10-11,45
2016-10-12,59
2016-10-13,40
2016-10-14,75
2016-10-15,84
2016-10-16,56
2016-10-17,53
2016-10-18,49
2016-10-19,65
2016-10-20,49
2016-10-21,19
2016-10-22,24
2016-10-23,8
2016-10-24,14
2016-10-25,15
2016-10-26,45
2016-10-27,46
2016-10-28,40
2016-10-29,40
2016-10-30,29
2016-10-31,31
2016-11-01,27
2016-11-02,35
2016-11-03,43
2016-11-04,65
2016-11-05,79
2016-11-06,33
2016-11-07,37
2016-11-08,74
2016-11-09,44
2016-11-10,39
2016-11-11,56
2016-11-12,87
2016-11-13,64
2016-11-14,53
2016-11-15,68
2016-11-16,56
2016-11-17,72
2016-11-18,96
2016-11-19,50
2016-11-20,45
2016-11-21,68
2016-11-22,47
2016-11-23,44
2016-11-24,31
2016-11-25,37
2016-11-26,54
2016-11-27,80
2016-11-28,90
2016-11-29,34
2016-11-30,41
2016-12-01,60
2016-12-02,39
2016-12-03,56
2016-12-04,90
2016-12-05,105
2016-12-06,28
2016-12-07,63
2016-12-08,59
2016-12-09,34
2016-12-10,38
2016-12-11,35
2016-12-12,39
2016-12-13,63
2016-12-14,61
2016-12-15,41
2016-12-16,41
2016-12-17,77
2016-12-18,59
2016-12-19,35
2016-12-20,56
2016-12-21,32
2016-12-22,29
2016-12-23,62
2016-12-24,76
2016-12-25,62
2016-12-26,65
2016-12-27,47
2016-12-28,49
2016-12-29,39
2016-12-30,46
2016-12-31,64
2017-01-01,91
2017-01-02,126
2017-01-03,90
2017-01-04,61
2017-01-05,27
2017-01-06,21
2017-01-07,49
2017-01-08,26
2017-01-09,65
2017-01-10,32
2017-01-11,25
2017-01-12,30
2017-01-13,33
2017-01-14,51
2017-01-15,29
2017-01-16,47
2017-01-17,72
2017-01-18,104
2017-01-19,105
2017-01-20,60
2017-01-21,53
2017-01-22,89
2017-01-23,52
2017-01-24,39
2017-01-25,49
2017-01-26,66
2017-01-27,127
2017-01-28,32
2017-01-29,26
2017-01-30,51
2017-01-31,27
2017-02-01,36
2017-02-02,33
2017-02-03,73
2017-02-04,88
2017-02-05,72
2017-02-06,44
2017-02-07,43
2017-02-08,55
2017-02-09,59
2017-02-10,37
2017-02-11,31
2017-02-12,33
2017-02-13,44
2017-02-14,53
2017-02-15,64
2017-02-16,68
2017-02-17,51
2017-02-18,34
2017-02-19,47
2017-02-20,50
2017-02-21,50
2017-02-22,38
2017-02-23,37
2017-02-24,31
2017-02-25,52
2017-02-26,51
2017-02-27,37
2017-02-28,40
2017-03-01,56
2017-03-02,33
2017-03-03,45
2017-03-04,53
2017-03-05,65
2017-03-06,38
2017-03-07,37
2017-03-08,47
2017-03-09,50
2017-03-10,52
2017-03-11,64
2017-03-12,97
2017-03-13,71
2017-03-14,58
2017-03-15,44
2017-03-16,68
2017-03-17,78
2017-03-18,86
2017-03-19,81
2017-03-20,101
2017-03-21,106
2017-03-22,53
2017-03-23,77
2017-03-24,66
2017-03-25,70
2017-03-26,65
2017-03-27,79
2017-03-28,88
2017-03-29,59
2017-03-30,71
2017-03-31,51
2017-04-01,24
2017-04-02,52
2017-04-03,86
2017-04-04,77
2017-04-05,52
2017-04-06,25
2017-04-07,43
2017-04-08,70
2017-04-09,42
2017-04-10,30
2017-04-11,68
2017-04-12,76
2017-04-13,84
2017-04-14,64
2017-04-15,73
2017-04-16,61
2017-04-17,49
2017-04-18,43
2017-04-19,98
2017-04-20,94
2017-04-21,77
2017-04-22,64
2017-04-23,52
2017-04-24,44
2017-04-25,65
2017-04-26,48
2017-04-27,53
2017-04-28,71
2017-04-29,68
2017-04-30,96
2017-05-01,98
2017-05-02,101
2017-05-03,72
2017-05-04,69
2017-05-05,57
2017-05-06,219
2017-05-07,101
2017-05-08,191
2017-05-09,138
2017-05-10,44
2017-05-11,74
2017-05-12,74
2017-05-13,53
2017-05-14,67
2017-05-15,50
2017-05-16,37
2017-05-17,42
2017-05-18,52
2017-05-19,47
2017-05-20,41
2017-05-21,32
2017-05-22,44
2017-05-23,34
2017-05-24,27
2017-05-25,46
2017-05-26,30
2017-05-27,37
2017-05-28,57
2017-05-29,82
2017-05-30,56
2017-05-31,43
2017-06-01,46
2017-06-02,34
2017-06-03,38
2017-06-04,35
2017-06-05,30
2017-06-06,23
2017-06-07,18
2017-06-08,51
2017-06-09,71
2017-06-10,54
2017-06-11,38
2017-06-12,37
2017-06-13,42
2017-06-14,51
2017-06-15,61
2017-06-16,80
2017-06-17,57
2017-06-18,50
2017-06-19,62
2017-06-20,59
2017-06-21,66
2017-06-22,43
2017-06-23,50
2017-06-24,50
2017-06-25,39
2017-06-26,27
2017-06-27,32
2017-06-28,52
2017-06-29,59
2017-06-30,62
2017-07-01,48
2017-07-02,27
2017-07-03,27
2017-07-04,39
2017-07-05,46
2017-07-06,55
2017-07-07,23
2017-07-08,28
2017-07-09,28
2017-07-10,14
2017-07-11,43
2017-07-12,45
2017-07-13,55
2017-07-14,51
2017-07-15,21
2017-07-16,20
2017-07-17,23
2017-07-18,27
2017-07-19,43
2017-07-20,57
2017-07-21,67
2017-07-22,59
2017-07-23,51
2017-07-24,37
2017-07-25,28
2017-07-26,18
2017-07-27,27
2017-07-28,26
2017-07-29,13
2017-07-30,21
2017-07-31,20
2017-08-01,22
2017-08-02,35
2017-08-03,23
2017-08-04,27
2017-08-05,29
2017-08-06,27
2017-08-07,30
2017-08-08,42
2017-08-09,31
2017-08-10,7
2017-08-11,11
2017-08-12,10
2017-08-13,9
2017-08-14,8
2017-08-15,6
2017-08-16,6
2017-08-17,11
2017-08-18,24
2017-08-19,22
2017-08-20,9
2017-08-21,13
2017-08-22,15
2017-08-23,21
2017-08-24,17
2017-08-25,24
2017-08-26,24
2017-08-27,23
2017-08-28,26
2017-08-29,18
2017-08-30,25
2017-08-31,34
2017-09-01,23
2017-09-02,26
2017-09-03,33
2017-09-04,29
2017-09-05,27
2017-09-06,25
2017-09-07,39
2017-09-08,49
2017-09-09,58
2017-09-10,49
2017-09-11,20
2017-09-12,27
2017-09-13,23
2017-09-14,26
2017-09-15,15
2017-09-16,9
2017-09-17,9
2017-09-18,22
2017-09-19,66
2017-09-20,24
2017-09-21,31
2017-09-22,31
2017-09-23,50
2017-09-24,68
2017-09-25,43
2017-09-26,46
2017-09-27,42
2017-09-28,24
2017-09-29,21
2017-09-30,35
2017-10-01,30
2017-10-02,19
2017-10-03,36
2017-10-04,21
2017-10-05,13
2017-10-06,11
2017-10-07,9
2017-10-08,18
2017-10-09,24
2017-10-10,27
2017-10-11,10
2017-10-12,21
2017-10-13,25
2017-10-14,19
2017-10-15,19
2017-10-16,29
2017-10-17,32
2017-10-18,21
2017-10-19,16
2017-10-20,30
2017-10-21,35
2017-10-22,20
2017-10-23,23
2017-10-24,25
2017-10-25,47
2017-10-26,47
2017-10-27,54
2017-10-28,41
2017-10-29,71
2017-10-30,36
2017-10-31,32
2017-11-01,35
2017-11-02,42
2017-11-03,35
2017-11-04,51
2017-11-05,37
2017-11-06,29
2017-11-07,41
2017-11-08,65
2017-11-09,50
2017-11-10,43
2017-11-11,72
2017-11-12,30
2017-11-13,40
2017-11-14,47
2017-11-15,24
2017-11-16,22
2017-11-17,36
2017-11-18,37
2017-11-19,23
2017-11-20,35
2017-11-21,43
2017-11-22,63
2017-11-23,23
2017-11-24,17
2017-11-25,24
2017-11-26,40
2017-11-27,44
2017-11-28,76
2017-11-29,58
2017-11-30,23
2017-12-01,25
2017-12-02,41
2017-12-03,62
2017-12-04,52
2017-12-05,25
2017-12-06,35
2017-12-07,49
2017-12-08,34
2017-12-09,44
2017-12-10,43
2017-12-11,59
2017-12-12,38
2017-12-13,42
2017-12-14,59
2017-12-15,86
2017-12-16,64
2017-12-17,45
2017-12-18,60
2017-12-19,54
2017-12-20,49
2017-12-21,59
2017-12-22,53
2017-12-23,0
2017-12-24,0
2017-12-25,0
2017-12-26,0
2017-12-27,0
2017-12-28,0
2017-12-29,0
2017-12-30,0
2017-12-31,0
2018-01-01,0
2018-01-02,0
2018-01-03,0
2018-01-04,0
2018-01-05,0
2018-01-06,0
2018-01-07,0
2018-01-08,0
2018-01-09,0
2018-01-10,0
2018-01-11,0
2018-01-12,0
2018-01-13,93
2018-01-14,75
2018-01-15,83
2018-01-16,137
2018-01-17,134
2018-01-18,100
2018-01-19,65
2018-01-20,116
2018-01-21,62
2018-01-22,45
2018-01-23,24
2018-01-24,33
2018-01-25,25
2018-01-26,34
2018-01-27,44
2018-01-28,33
2018-01-29,52
2018-01-30,44
2018-01-31,45
2018-02-01,43
2018-02-02,53
2018-02-03,38
2018-02-04,32
2018-02-05,31
2018-02-06,32
2018-02-07,39
2018-02-08,51
2018-02-09,73
2018-02-10,84
2018-02-11,57
2018-02-12,55
2018-02-13,55
2018-02-14,78
2018-02-15,42
2018-02-16,60
2018-02-18,39
2018-02-19,62
2018-02-20,71
2018-02-21,42
2018-02-22,47
2018-02-23,97
2018-02-24,86
2018-02-25,47
2018-02-26,69
2018-02-27,102
2018-02-28,72
2018-03-01,44
2018-03-02,69
2018-03-03,57
2018-03-04,28
2018-03-05,6
2018-03-06,26
2018-03-07,24
2018-03-08,14
2018-03-09,41
2018-03-10,43
2018-03-11,63
2018-03-12,98
2018-03-13,44
2018-03-14,21
2018-03-15,19
2018-03-16,10
2018-03-17,32
2018-03-18,61
2018-03-19,24
2018-03-20,17
2018-04-09,44
2018-04-10,46
2018-04-11,64
2018-04-12,50
2018-04-13,32
2018-04-14,18
2018-04-15,72
2018-04-16,36
2018-04-17,55
2018-04-18,67
2018-04-19,82
2018-04-21,81
2018-04-22,34
2018-04-23,8
2018-04-24,6
2018-04-25,33
2018-04-26,52
2018-04-27,65
2018-04-28,75
2018-04-29,62
2018-04-30,94
2018-05-01,72
2018-05-02,55
2018-05-03,30
2018-05-04,51
2018-05-05,45
2018-05-06,14
2018-05-07,38
2018-05-08,22
2018-05-09,22
2018-05-10,49
2018-05-11,70
2018-05-12,39
2018-05-13,30
2018-05-14,91
2018-05-15,78
2018-05-16,27
2018-05-17,9
2018-05-20,10
2018-05-21,8
2018-05-27,73
2018-05-28,49
2018-06-01,45
2018-06-02,62
2018-06-04,43
2018-06-05,40
2018-06-22,53
2018-06-26,62
2018-06-30,50
2018-07-01,11
2018-07-02,8
2018-07-03,8
2018-07-06,6
2018-07-07,8
2018-07-08,11
2018-07-09,9
2018-07-10,17
2018-07-11,27
2018-07-12,23
2018-07-13,16
2018-07-16,23
2018-07-17,27
2018-07-18,36
2018-07-19,29
2018-07-20,37
2018-07-21,38
2018-07-22,26
2018-07-23,35
2018-07-24,42
2018-07-25,30
2018-07-26,36
2018-07-27,42
2018-07-28,35
2018-07-29,15
2018-07-30,8
2018-07-31,16
2018-08-01,32
2018-08-02,34
2018-08-03,44
2018-08-04,25
2018-08-05,24
2018-08-06,31
2018-08-07,18
2018-08-08,23
2018-08-09,20
2018-08-10,15
2018-08-11,9
2018-08-12,13
2018-08-13,29
2018-08-14,23
2018-08-15,25
2018-08-16,14
2018-08-17,12
2018-08-18,18
2018-08-19,25
2018-08-20,36
2018-08-21,21
2018-08-22,23
2018-08-23,12
2018-08-24,7
2018-08-25,22
2018-08-26,18
2018-08-27,8
2018-08-28,9
2018-08-29,11
2018-08-30,27
2018-08-31,24
2018-09-01,18
2018-09-02,13
2018-09-03,14
2018-09-04,19
2018-09-05,30
2018-09-06,39
2018-09-07,29
2018-09-08,25
2018-09-09,24
2018-09-10,12
2018-09-11,14
2018-09-12,15
2018-09-13,19
2018-09-14,18
2018-09-15,13
2018-09-16,40
2018-09-17,31
2018-09-18,41
2018-09-19,45
2018-09-20,17
2018-09-21,7
2018-09-22,36
2018-09-23,33
2018-09-24,16
2018-09-25,15
2018-09-26,8
2018-09-27,9
2018-09-28,13
2018-09-29,13
2018-09-30,17
2018-10-01,0
2018-10-02,217
2018-10-03,25
2018-10-04,18
2018-10-05,7
2018-10-06,4
2018-10-07,30
2018-10-08,22
2018-10-09,24
2018-10-10,21
2018-10-11,18
2018-10-12,23
2018-10-13,37
2018-10-14,40
2018-10-15,70
2018-10-16,45
2018-10-17,37
2018-10-18,14
2018-10-19,15
2018-10-20,0
2018-10-21,0
2018-10-22,0
2018-10-23,0
2018-10-24,0
2018-10-25,0
2018-10-26,0
2018-10-27,0
2018-10-28,0
2018-10-29,0
2018-10-30,0
2018-10-31,0
2018-11-01,0
2018-11-02,0
2018-11-03,0
2018-11-04,0
2018-11-05,0
2018-11-06,0
2018-11-07,0
2018-11-08,0
2018-11-09,47
2018-11-10,62
2018-11-11,65
2018-11-12,30
2018-11-13,37
2018-11-14,29
2018-11-15,38
2018-11-16,47
2018-11-19,49
2018-11-20,39
2018-11-21,30
2018-11-22,25
2018-11-23,20
2018-11-24,15
2018-11-25,0
2018-11-26,71
2018-11-27,122
2018-11-28,130
2018-11-29,77
2018-11-30,61
2018-12-01,42
2018-12-02,42
2018-12-03,36
2018-12-04,31
2018-12-05,26
2018-12-06,41
2018-12-07,25
2018-12-08,25
2018-12-09,20
2018-12-10,31
2018-12-11,34
2018-12-12,51
2018-12-13,41
2018-12-14,32
2018-12-15,55
2018-12-16,55
2018-12-17,81
2018-12-18,46
2018-12-19,52
2018-12-20,55
2018-12-21,64
2018-12-22,82
2018-12-23,57
2018-12-24,22
2018-12-25,32
2018-12-26,58
2018-12-27,30
2018-12-28,38
2018-12-29,45
2018-12-30,32
2018-12-31,43
2019-01-01,38
2019-01-02,32
2019-01-03,38
2019-01-04,57
2019-01-05,68
2019-01-06,48
2019-01-07,52
2019-01-08,43
2019-01-09,52
2019-01-10,54
2019-01-11,73
2019-01-12,90
2019-01-13,107
2019-01-14,154
2019-01-15,142
2019-01-16,47
2019-01-17,45
2019-01-18,53
2019-01-19,91
2019-01-20,74
2019-01-21,43
2019-01-22,65
2019-01-23,79
2019-01-24,44
2019-01-25,52
2019-01-26,45
2019-01-27,37
2019-01-28,97
2019-01-29,72
2019-01-30,58
2019-01-31,83
2019-02-01,37
2019-02-02,56
2019-02-03,35
2019-02-04,74
2019-02-05,88
2019-02-06,98
2019-02-07,63
2019-02-08,29
2019-02-09,35
2019-02-10,41
2019-02-11,38
2019-02-12,57
2019-02-13,38
2019-02-14,49
2019-02-15,35
2019-02-16,59
2019-02-17,34
2019-02-18,39
2019-02-19,43
2019-02-20,59
2019-02-21,76
2019-02-22,65
2019-02-23,46
2019-02-24,58
2019-02-25,85
2019-02-26,51
2019-02-27,65
2019-02-28,82
2019-03-01,108
2019-03-02,108
2019-03-03,100
2019-03-04,151
2019-03-05,184
2019-03-06,140
2019-03-07,58
2019-03-08,48
2019-03-14,42
2019-03-15,73
2019-03-18,44
2019-03-19,67
2019-03-20,91
2019-03-21,34
2019-03-22,39
2019-03-23,26
2019-03-24,29
2019-03-25,50
2019-03-26,67
2019-03-27,98
2019-03-28,92
2019-03-29,42
2019-03-30,36
2019-03-31,43
2019-04-01,26
2019-04-02,34
2019-04-03,40
2019-04-04,37
2019-04-05,92
2019-04-06,64
2019-04-07,40
2019-04-08,39
2019-04-09,23
2019-04-10,8
2019-04-11,29
2019-04-12,57
2019-04-13,55
2019-04-14,41
2019-04-15,56
2019-04-16,49
2019-04-17,41
2019-04-18,44
2019-04-19,43
2019-04-20,50
2019-04-21,38
2019-04-22,100
2019-04-23,90
2019-04-24,67
2019-04-25,40
2019-04-26,9
2019-04-27,16
2019-04-28,19
2019-04-29,21
2019-04-30,39
2019-05-01,70
2019-05-02,59
2019-05-03,71
2019-05-04,103
2019-05-05,75
2019-05-06,36
2019-05-07,55
2019-05-08,59
2019-05-09,58
2019-05-10,75
2019-05-11,75
2019-05-12,65
2019-05-13,60
2019-05-14,46
2019-05-15,73
2019-05-16,71
2019-05-17,55
2019-05-18,33
2019-05-19,12
2019-05-20,43
2019-05-21,61
2019-05-22,64
2019-05-23,84
2019-05-24,99
2019-05-25,90
2019-05-26,41
2019-05-27,24
2019-05-28,27
2019-05-29,56
2019-05-30,51
2019-05-31,24
2019-06-01,40
2019-06-02,44
2019-06-03,42
2019-06-04,30
2019-06-05,62
2019-06-06,70
2019-06-07,10
2019-06-08,26
2019-06-09,45
2019-06-10,9
2019-06-11,11
2019-06-12,33
2019-06-13,33
2019-06-14,36
2019-06-15,37
2019-06-16,14
2019-06-17,30
2019-06-18,39
2019-06-19,37
2019-06-20,29
2019-06-21,29
2019-06-22,8
2019-06-23,9
2019-06-24,19
2019-06-25,30
2019-06-26,27
2019-06-27,15
2019-06-28,44
2019-06-29,25
2019-06-30,31
2019-07-01,35
2019-07-02,30
2019-07-03,34
2019-07-04,27
2019-07-05,32
2019-07-06,24
2019-07-07,13
2019-07-08,6
2019-07-09,6
2019-07-10,6
2019-07-11,5
2019-07-12,13
2019-07-13,35
2019-07-14,45
2019-07-15,35
2019-07-16,31
2019-07-17,60
2019-07-18,64
2019-07-19,32
2019-07-20,4
2019-07-21,14
2019-07-22,41
2019-07-23,26
2019-07-24,22
2019-07-25,24
2019-07-26,17
2019-07-27,20
2019-07-28,13
2019-07-29,16
2019-07-30,19
2019-07-31,15
2019-08-01,12
2019-08-02,17
2019-08-03,19
2019-08-04,26
2019-08-05,35
2019-08-06,22
2019-08-07,19
2019-08-08,40
2019-08-09,26
2019-08-10,18
2019-08-11,14
2019-08-12,14
2019-08-13,24
2019-08-14,19
2019-08-15,7
2019-08-16,19
2019-08-17,33
2019-08-18,21
2019-08-19,23
2019-08-20,26
2019-08-21,29
2019-08-22,35
2019-08-23,31
2019-08-24,23
2019-08-25,22
2019-08-26,26
2019-08-27,24
2019-08-28,31
2019-08-29,29
2019-08-30,15
2019-08-31,17
2019-09-01,20
2019-09-02,24
2019-09-03,21
2019-09-04,6
2019-09-05,8
2019-09-06,11
2019-09-09,33
2019-09-10,10
2019-09-11,5
2019-09-12,10
2019-09-13,13
2019-09-14,19
2019-09-15,15
2019-09-16,13
2019-09-17,18
2019-09-18,34
2019-09-19,28
2019-09-20,18
2019-09-21,14
2019-09-22,6
2019-09-23,14
2019-09-24,23
2019-09-25,31
2019-09-26,21
2019-09-27,18
2019-09-28,24
2019-09-29,34
2019-09-30,52
2019-10-01,48
2019-10-02,22
2019-10-03,8
2019-10-04,26
2019-10-05,46
2019-10-06,12
2019-10-07,9
2019-10-08,26
2019-10-09,22
2019-10-10,30
2019-10-11,36
2019-10-12,23
2019-10-13,18
2019-10-14,34
2019-10-15,16
2019-10-16,25
2019-10-17,27
2019-10-18,13
2019-10-19,20
2019-10-20,39
2019-10-21,42
2019-10-22,33
2019-10-23,18
2019-10-24,23
2019-10-25,23
2019-10-26,23
2019-10-27,23
2019-10-28,31
2019-10-29,97
2019-10-30,24
2019-10-31,62
2019-11-01,38
2019-11-02,66
2019-11-03,46
2019-11-04,12
2019-11-05,32
2019-11-06,46
2019-11-07,49
2019-11-08,39
2019-11-09,35
2019-11-10,36
2019-11-11,24
2019-11-12,34
2019-11-13,32
2019-11-14,21
2019-11-15,21
2019-11-16,27
2019-11-17,26
2019-11-18,76
2019-11-19,32
2019-11-20,22
2019-11-21,36
2019-11-22,37
2019-11-23,20
2019-11-24,23
2019-11-25,24
2019-11-26,15
2019-11-27,39
2019-11-28,38
2019-11-29,44
2019-11-30,40
2019-12-01,35
2019-12-02,22
2019-12-03,27
2019-12-04,28
2019-12-05,22
2019-12-06,34
2019-12-07,46
2019-12-08,52
2019-12-09,59
2019-12-10,103
2019-12-11,76
2019-12-12,19
2019-12-13,26
2019-12-14,35
2019-12-15,30
2019-12-16,30
2019-12-17,26
2019-12-18,39
2019-12-19,29
2019-12-20,29
2019-12-21,35
2019-12-22,59
2019-12-23,50
2019-12-24,69
2019-12-25,49
2019-12-26,49
2019-12-27,34
2019-12-28,43
2019-12-29,43
2019-12-30,35
2019-12-31,23
2020-01-01,32
2020-01-02,60
2020-01-03,68
2020-01-04,53
2020-01-05,53
2020-01-06,29
2020-01-07,3
2020-01-08,24
2020-01-09,47
2020-01-10,63
2020-01-11,50
2020-01-12,47
2020-01-13,26
2020-01-14,30
2020-01-15,39
2020-01-16,39
2020-01-17,55
2020-01-18,63
2020-01-19,62
2020-01-20,59
2020-01-21,43
2020-01-22,40
2020-01-23,59
2020-01-24,72
2020-01-25,46
2020-01-26,25
2020-01-27,7
2020-01-28,9
2020-01-29,14
2020-01-30,15
2020-01-31,28
2020-02-01,69
2020-02-02,70
2020-02-03,24
2020-02-04,23
2020-02-05,24
2020-02-06,38
2020-02-07,35
2020-02-08,40
2020-02-09,34
2020-02-10,49
2020-02-11,54
2020-02-12,39
2020-02-13,73
2020-02-14,79
2020-02-15,58
2020-02-16,21
2020-02-17,26
2020-02-18,21
2020-02-19,28
2020-02-20,59
2020-02-21,76
2020-02-24,34
2020-02-25,19
2020-02-26,16
2020-02-27,11
2020-02-28,25
2020-02-29,20
2020-03-01,45
2020-03-02,36
2020-03-03,44
2020-03-04,46
2020-03-05,39
2020-03-06,49
2020-03-07,56
2020-03-08,56
2020-03-09,56
2020-03-10,58
2020-03-11,30
2020-03-12,39
2020-03-13,37
2020-03-14,44
2020-03-15,50
2020-03-16,26
2020-03-17,56
2020-03-18,68
2020-03-19,74
2020-03-20,50
2020-03-21,62
2020-03-22,44
2020-03-23,55
2020-03-24,60
2020-03-25,51
2020-03-26,50
2020-03-27,50
2020-03-28,40
2020-03-29,43
2020-03-30,59
2020-03-31,54
2020-04-01,90
2020-04-02,42
2020-04-03,65
2020-04-04,87
2020-04-05,53
2020-04-06,65
2020-04-07,72
2020-04-08,49
2020-04-09,52
2020-04-10,44
2020-04-11,43
2020-04-12,33
2020-04-13,20
2020-04-14,57
2020-04-15,71
2020-04-16,56
2020-04-17,39
2020-04-18,27
2020-04-19,24
2020-04-20,15
2020-04-21,40
2020-04-22,109
2020-04-23,50
2020-04-24,46
2020-04-25,73
2020-04-26,31
2020-04-27,35
2020-04-28,40
2020-04-29,53
2020-04-30,34
2020-05-01,55
2020-05-02,52
2020-05-03,29
2020-05-04,42
2020-05-05,36
2020-05-06,34
2020-05-07,30
2020-05-08,30
2020-05-09,12
2020-05-10,38
2020-05-11,149
2020-05-12,43
2020-05-13,35
2020-05-14,43
2020-05-15,31
2020-05-16,25
2020-05-17,49
2020-05-18,46
2020-05-19,15
2020-05-20,6
2020-05-21,21
2020-05-22,54
2020-05-23,55
2020-05-24,26
2020-05-25,49
2020-05-26,48
2020-05-27,24
2020-05-28,35
2020-05-29,38
2020-05-30,41
2020-05-31,47
2020-06-01,20
2020-06-02,28
2020-06-03,52
2020-06-04,61
2020-06-05,50
2020-06-06,53
2020-06-07,53
2020-06-08,51
2020-06-09,51
2020-06-10,43
2020-06-11,24
2020-06-12,39
2020-06-13,45
2020-06-14,34
2020-06-15,23
2020-06-16,50
2020-06-17,46
2020-06-18,32
2020-06-19,19
2020-06-20,33
2020-06-21,27
2020-06-22,32
2020-06-23,35
2020-06-24,20
2020-06-25,11
2020-06-26,21
2020-06-27,20
2020-06-28,23
2020-06-29,27
2020-06-30,4
2020-07-01,14
2020-07-02,46
2020-07-03,35
2020-07-04,15
2020-07-05,23
2020-07-06,19
2020-07-07,13
2020-07-08,25
2020-07-09,30
2020-07-10,9
2020-07-11,4
2020-07-12,6
2020-07-13,4
2020-07-14,4
2020-07-15,6
2020-07-16,22
2020-07-17,30
2020-07-18,36
2020-07-19,13
2020-07-20,11
2020-07-21,20
2020-07-22,13
2020-07-23,11
2020-07-24,3
2020-07-25,3
2020-07-26,5
2020-07-27,7
2020-07-28,5
2020-07-29,6
2020-07-30,13
2020-07-31,18
2020-08-01,8
2020-08-02,6
2020-08-03,7
2020-08-04,25
2020-08-05,22
2020-08-06,9
2020-08-07,20
2020-08-08,7
2020-08-09,5
2020-08-10,6
2020-08-11,6
2020-08-12,14
2020-08-13,17
2020-08-14,21
2020-08-15,25
2020-08-16,14
2020-08-17,16
2020-08-18,23
2020-08-19,32
2020-08-20,25
2020-08-21,19
2020-08-22,10
2020-08-23,8
2020-08-24,16
2020-08-25,23
2020-08-26,13
2020-08-27,12
2020-08-28,15
2020-08-29,10
2020-08-30,8
2020-08-31,4
2020-09-01,10
2020-09-02,7
2020-09-03,10
2020-09-04,16
2020-09-05,23
2020-09-06,13
2020-09-07,3
2020-09-08,16
2020-09-09,20
2020-09-10,21
2020-09-11,16
2020-09-12,5
2020-09-13,5
2020-09-14,17
2020-09-15,33
2020-09-16,19
2020-09-17,19
2020-09-18,20
2020-09-19,19
2020-09-20,14
2020-09-21,17
2020-09-22,10
2020-09-23,7
2020-09-24,4
2020-09-25,7
2020-09-26,10
2020-09-27,8
2020-09-28,18
2020-09-29,26
2020-09-30,25
2020-10-01,13
2020-10-02,19
2020-10-03,31
2020-10-04,21
2020-10-05,20
2020-10-06,16
2020-10-07,13
2020-10-08,6
2020-10-09,10
2020-10-10,12
2020-10-11,16
2020-10-12,33
2020-10-13,20
2020-10-14,32
2020-10-15,29
2020-10-16,34
2020-10-17,24
2020-10-18,23
2020-10-19,59
2020-10-20,56
2020-10-21,38
2020-10-22,78
2020-10-23,26
2020-10-24,24
2020-10-25,23
2020-10-26,47
2020-10-27,71
2020-10-28,44
2020-10-29,28
2020-10-30,35
2020-10-31,23
2020-11-01,36
2020-11-02,40
2020-11-03,19
2020-11-04,28
2020-11-05,33
2020-11-06,41
2020-11-07,84
2020-11-08,60
2020-11-09,25
2020-11-10,22
2020-11-11,37
2020-11-12,59
2020-11-13,61
2020-11-14,60
2020-11-15,68
2020-11-16,59
2020-11-17,50
2020-11-18,30
2020-11-19,9
2020-11-20,15
2020-11-21,19
2020-11-22,20
2020-11-23,18
2020-11-24,21
2020-11-25,30
2020-11-26,52
2020-11-27,38
2020-11-28,17
2020-11-29,20
2020-11-30,22
2020-12-01,23
2020-12-02,26
2020-12-03,19
2020-12-04,23
2020-12-05,27
2020-12-06,35
2020-12-07,49
2020-12-08,16
2020-12-09,28
2020-12-10,57
2020-12-11,88
2020-12-12,47
2020-12-13,26
2020-12-14,15
2020-12-15,12
2020-12-16,16
2020-12-17,20
2020-12-18,28
2020-12-19,19
2020-12-20,19
2020-12-21,33
2020-12-22,45
2020-12-23,59
2020-12-24,56
2020-12-25,22
2020-12-26,47
2020-12-27,56
2020-12-28,55
2020-12-29,57
2020-12-30,29
2020-12-31,20
