예보시각,관광기후지수,관광기후지수등급,평균기온,최고기온,최고기온시각,최저기온,최저기온시각,일교차,강수량(mm),1시간최다강수량(mm),1시간최다강수량시각,일조합,일조율,일사합,평균습도(%rh),최저습도(%rh),평균풍속(m/s),최대풍속(m/s),최대풍속풍향(deg),최대순간풍속(m/s),최대순간풍속풍향(deg),최대순간풍속시각,최대풍속시각,year_month_day,year_month,month_day,year,month,date,day
2020-01-01,-0.4928000000000001,1.0,-2.2,0.3,1457,-6.5,1,6.8,0.1,0.0,0,0.8,8.3,4.53,64.4,37.0,0.6,2.6,50.0,4.8,50.0,906,904,20200101,202001,101,2020,1,1,Wednesday
2020-01-02,-0.2772,1.0,1.0,3.8,1500,-0.7,1,4.5,0.0,0.0,0,0.0,0.0,3.47,65.4,54.0,1.2,4.0,290.0,6.7,250.0,1437,1525,20200102,202001,102,2020,1,2,Thursday
2020-01-03,-0.049200000000000015,1.92,-0.1,4.6,1547,-3.4,807,8.0,0.0,0.0,0,8.8,90.7,10.1,56.9,26.0,1.7,3.5,270.0,5.8,270.0,1122,1422,20200103,202001,103,2020,1,3,Friday
2020-01-04,-0.13680000000000006,1.48,1.2,6.1,1450,-2.8,512,8.9,0.0,0.0,0,7.9,81.4,9.29,50.8,32.0,1.9,4.5,320.0,8.5,340.0,1206,1228,20200104,202001,104,2020,1,4,Saturday
2020-01-05,-0.10480000000000006,1.88,1.3,6.6,1453,-3.2,821,9.8,0.0,0.0,0,7.1,73.2,9.1,45.6,28.0,1.1,2.9,70.0,4.4,180.0,1312,2335,20200105,202001,105,2020,1,5,Sunday
2020-01-06,-0.6679999999999999,1.0,3.1,4.6,1158,0.6,53,4.0,1.8,0.0,0,0.0,0.0,2.03,65.4,39.0,3.1,5.4,70.0,8.8,70.0,1505,1739,20200106,202001,106,2020,1,6,Monday
2020-01-07,-0.8416000000000001,1.0,6.3,7.7,2350,4.2,1,3.5,46.3,0.0,0,0.0,0.0,0.75,95.0,93.0,4.0,6.3,70.0,9.5,90.0,2015,1846,20200107,202001,107,2020,1,7,Tuesday
2020-01-08,-0.6660000000000003,1.0,2.4,8.9,47,-0.4,2336,9.3,11.6,0.0,0,0.0,0.0,1.84,86.1,73.0,3.3,6.3,270.0,11.8,250.0,49,550,20200108,202001,108,2020,1,8,Wednesday
2020-01-09,-0.10880000000000005,1.16,-1.2,2.0,1534,-3.1,2349,5.1,0.0,0.0,0,8.7,89.7,9.14,65.3,47.0,2.3,4.3,320.0,7.2,270.0,1049,1223,20200109,202001,109,2020,1,9,Thursday
2020-01-10,-0.1400000000000001,1.0,-0.6,4.2,1534,-4.3,453,8.5,0.0,0.0,0,7.5,76.5,9.39,62.9,36.0,1.5,3.7,320.0,5.5,320.0,1810,1408,20200110,202001,110,2020,1,10,Friday
2020-01-11,-0.17920000000000003,1.0,-0.1,3.9,1334,-2.6,806,6.5,0.0,0.0,0,8.1,82.7,10.13,60.9,35.0,1.9,4.8,340.0,7.0,320.0,1949,1956,20200111,202001,111,2020,1,11,Saturday
2020-01-12,-0.38799999999999996,1.0,-1.0,2.8,1551,-3.5,633,6.3,0.0,0.0,0,8.6,87.8,10.33,61.5,38.0,2.4,4.1,290.0,6.8,290.0,1714,1216,20200112,202001,112,2020,1,12,Sunday
2020-01-13,-0.20320000000000008,1.0,-2.9,0.2,1422,-4.7,632,4.9,0.0,0.0,0,8.1,82.7,11.15,51.0,28.0,2.3,4.9,320.0,8.3,270.0,1404,1218,20200113,202001,113,2020,1,13,Monday
2020-01-14,-0.20959999999999993,1.16,-2.3,2.6,1413,-5.7,637,8.3,0.0,0.0,0,8.5,86.7,10.06,45.3,20.0,1.6,3.3,320.0,5.5,320.0,1516,1428,20200114,202001,114,2020,1,14,Tuesday
2020-01-15,-0.11600000000000002,1.44,-2.7,2.2,1510,-6.4,722,8.6,0.0,0.0,0,9.2,92.9,11.6,44.8,24.0,1.9,4.5,320.0,8.0,290.0,1411,1418,20200115,202001,115,2020,1,15,Wednesday
2020-01-16,-0.18640000000000004,1.0,-1.7,3.2,1430,-5.5,816,8.7,0.0,0.0,0,8.3,83.8,10.75,43.0,24.0,1.6,4.4,340.0,6.9,320.0,1709,1714,20200116,202001,116,2020,1,16,Thursday
2020-01-17,-0.30999999999999983,1.0,-0.6,4.9,1449,-4.8,720,9.7,0.0,0.0,0,7.6,76.8,9.85,43.9,27.0,1.5,3.8,320.0,6.7,320.0,1952,1927,20200117,202001,117,2020,1,17,Friday
2020-01-18,-0.04640000000000002,2.0,0.3,5.9,1503,-4.1,802,10.0,0.0,0.0,0,9.1,91.9,11.38,48.1,17.0,1.8,4.2,270.0,6.8,290.0,1636,1739,20200118,202001,118,2020,1,18,Saturday
2020-01-19,-0.7315999999999999,1.0,1.9,5.3,1510,-0.4,3,5.7,0.6,0.0,0,4.8,48.5,6.08,62.8,42.0,2.2,6.1,320.0,10.9,290.0,1243,1459,20200119,202001,119,2020,1,19,Sunday
2020-01-20,-0.37479999999999997,1.0,0.7,5.5,1313,-3.3,2324,8.8,0.0,0.0,0,8.7,87.0,10.24,46.8,24.0,2.5,5.7,270.0,10.4,290.0,1759,1636,20200120,202001,120,2020,1,20,Monday
2020-01-21,-0.1400000000000001,2.0,-0.4,5.5,1541,-5.6,800,11.1,0.0,0.0,0,9.2,92.0,11.55,36.9,19.0,1.4,3.5,320.0,5.6,70.0,1038,142,20200121,202001,121,2020,1,21,Tuesday
2020-01-22,-0.42200000000000015,1.0,3.0,7.8,1447,-0.1,47,7.9,0.0,0.0,0,3.7,37.0,6.8,36.0,22.0,1.7,3.2,90.0,6.3,70.0,1524,1602,20200122,202001,122,2020,1,22,Wednesday
2020-01-23,-0.07720000000000003,2.0,4.6,9.9,1450,0.0,802,9.9,0.0,0.0,0,8.8,88.0,10.73,49.3,32.0,2.0,4.7,320.0,6.9,320.0,1313,1938,20200123,202001,123,2020,1,23,Thursday
2020-01-24,-0.04840000000000002,2.0,2.8,7.4,1534,-1.3,816,8.7,0.0,0.0,0,8.8,87.1,10.53,63.0,43.0,1.7,3.7,320.0,6.4,320.0,1648,1737,20200124,202001,124,2020,1,24,Friday
2020-01-25,-0.030800000000000008,2.0,4.3,8.8,1202,0.6,251,8.2,0.0,0.0,0,3.6,35.6,7.86,63.1,49.0,1.5,3.9,320.0,6.8,320.0,1941,1851,20200125,202001,125,2020,1,25,Saturday
2020-01-26,-0.022000000000000006,2.0,5.5,11.9,1516,-0.2,747,12.1,0.0,0.0,0,7.3,72.3,11.21,56.3,31.0,2.7,6.1,70.0,11.1,90.0,2122,1948,20200126,202001,126,2020,1,26,Sunday
2020-01-27,-0.8371999999999998,1.0,5.9,7.5,1418,4.8,2331,2.7,0.1,0.0,0,0.0,0.0,2.76,48.1,35.0,4.6,7.0,70.0,13.7,90.0,720,1649,20200127,202001,127,2020,1,27,Monday
2020-01-28,-0.4315999999999999,1.0,6.8,9.9,1442,4.3,231,5.6,0.0,0.0,0,0.0,0.0,3.98,49.4,37.0,2.6,5.4,70.0,8.8,70.0,2030,2028,20200128,202001,128,2020,1,28,Tuesday
2020-01-29,-0.3948,1.0,6.0,9.6,1450,3.2,708,6.4,0.0,0.0,0,3.1,30.4,7.3,46.4,35.0,2.1,3.6,70.0,5.8,50.0,947,1921,20200129,202001,129,2020,1,29,Wednesday
2020-01-30,-0.16120000000000004,2.0,5.2,10.4,1249,1.4,814,9.0,0.0,0.0,0,5.5,53.4,9.24,47.0,30.0,1.8,3.0,320.0,5.7,290.0,1748,1433,20200130,202001,130,2020,1,30,Thursday
2020-01-31,-0.27159999999999995,1.64,3.9,8.9,1347,1.4,2357,7.5,0.0,0.0,0,6.1,59.2,9.41,59.6,41.0,2.3,4.4,270.0,8.1,230.0,1545,1435,20200131,202001,131,2020,1,31,Friday
2020-02-01,-0.08000000000000003,2.0,2.6,7.6,1556,-1.2,705,8.8,0.0,0.0,0,5.3,51.5,7.17,66.6,43.0,1.7,4.7,270.0,7.7,320.0,1434,1457,20200201,202002,201,2020,2,1,Saturday
2020-02-02,-0.31239999999999984,1.0,1.5,5.3,1309,-2.1,747,7.4,0.0,0.0,0,4.8,46.6,8.39,52.3,24.0,1.8,4.7,320.0,7.3,290.0,1815,1821,20200202,202002,202,2020,2,2,Sunday
2020-02-03,-0.3780000000000001,1.16,-0.4,3.0,1456,-2.9,2357,5.9,0.0,0.0,0,9.6,92.3,13.56,43.6,23.0,3.1,5.7,270.0,9.0,290.0,1419,1448,20200203,202002,203,2020,2,3,Monday
2020-02-04,-0.8048000000000003,1.0,-1.6,3.9,1429,-6.0,635,9.9,1.7,0.0,0,6.4,61.5,10.01,50.3,32.0,2.8,6.2,340.0,10.8,340.0,2351,2059,20200204,202002,204,2020,2,4,Tuesday
2020-02-05,-0.41159999999999997,1.0,-8.3,-4.9,1601,-11.0,757,6.1,0.0,0.0,0,9.7,92.4,14.82,37.3,27.0,3.3,5.5,320.0,10.2,320.0,50,154,20200205,202002,205,2020,2,5,Wednesday
2020-02-06,-0.18000000000000005,2.0,-6.4,0.4,1433,-11.8,634,12.2,0.0,0.0,0,9.7,92.4,13.97,36.4,19.0,1.9,4.0,290.0,7.0,290.0,2005,2018,20200206,202002,206,2020,2,6,Thursday
2020-02-07,-0.5215999999999997,1.0,-1.7,2.2,1533,-7.2,123,9.4,0.0,0.0,0,6.1,58.1,10.14,45.1,14.0,2.0,3.5,320.0,6.9,340.0,1523,1440,20200207,202002,207,2020,2,7,Friday
2020-02-08,-0.12480000000000008,2.0,-0.1,3.7,1611,-2.3,803,6.0,0.0,0.0,0,9.6,90.6,13.89,48.1,29.0,3.0,5.3,340.0,8.9,270.0,1538,1200,20200208,202002,208,2020,2,8,Saturday
2020-02-09,-0.14320000000000008,2.0,-0.5,4.1,1447,-5.6,742,9.7,0.0,0.0,0,9.6,90.6,14.33,51.1,24.0,2.0,4.4,270.0,8.0,230.0,1553,1314,20200209,202002,209,2020,2,9,Sunday
2020-02-10,0.025200000000000014,2.0,4.0,9.6,1500,-0.7,646,10.3,0.0,0.0,0,9.7,91.5,14.22,49.4,25.0,1.7,4.2,320.0,7.8,360.0,1334,1312,20200210,202002,210,2020,2,10,Monday
2020-02-11,0.1084,2.96,6.8,14.6,1526,-0.5,711,15.1,0.0,0.0,0,7.6,71.0,10.91,37.0,17.0,1.6,3.6,70.0,5.7,90.0,847,852,20200211,202002,211,2020,2,11,Tuesday
2020-02-12,-0.8147999999999999,1.0,7.4,8.2,1928,6.5,1219,1.7,6.7,0.0,0,0.0,0.0,2.86,73.4,31.0,2.2,5.0,70.0,7.9,70.0,1150,1226,20200212,202002,212,2020,2,12,Wednesday
2020-02-13,-0.31479999999999986,1.16,6.5,8.7,1534,4.9,656,3.8,0.0,0.0,0,1.3,12.1,6.43,84.8,69.0,1.7,3.2,200.0,5.3,200.0,1127,1506,20200213,202002,213,2020,2,13,Thursday
2020-02-14,0.1116,3.0,8.1,14.7,1631,3.2,708,11.5,0.0,0.0,0,8.7,80.6,13.13,70.3,41.0,1.2,3.0,200.0,4.9,320.0,127,1438,20200214,202002,214,2020,2,14,Friday
2020-02-15,-0.15360000000000007,2.0,9.8,15.6,1250,6.2,735,9.4,2.0,0.0,0,5.0,46.3,8.77,63.0,37.0,2.7,5.0,70.0,9.0,320.0,2035,456,20200215,202002,215,2020,2,15,Saturday
2020-02-16,-0.9600000000000005,1.0,-1.4,7.7,1,-4.3,2245,12.0,13.4,0.0,0,1.6,14.8,4.14,81.1,59.0,4.0,6.6,270.0,11.5,270.0,1400,1407,20200216,202002,216,2020,2,16,Sunday
2020-02-17,-0.9712000000000002,1.0,-5.9,-3.9,130,-7.1,2258,3.2,1.0,0.0,0,3.2,29.4,7.08,64.3,52.0,3.4,5.6,320.0,9.4,320.0,1659,1702,20200217,202002,217,2020,2,17,Monday
2020-02-18,-0.10320000000000001,2.0,-4.1,1.3,1608,-8.3,745,9.6,0.0,0.0,0,10.1,92.7,16.78,44.0,27.0,2.3,4.1,290.0,6.6,290.0,916,1458,20200218,202002,218,2020,2,18,Tuesday
2020-02-19,-0.12960000000000005,2.0,1.0,6.4,1512,-4.4,624,10.8,0.0,0.0,0,7.4,67.3,12.13,56.8,35.0,1.5,3.2,270.0,5.4,250.0,1415,1504,20200219,202002,219,2020,2,19,Wednesday
2020-02-20,0.05240000000000003,2.0,4.6,10.8,1547,-0.6,659,11.4,0.0,0.0,0,9.4,85.5,13.71,62.6,35.0,1.7,3.3,290.0,6.0,270.0,1454,1444,20200220,202002,220,2020,2,20,Thursday
2020-02-21,-0.38839999999999997,1.0,6.7,10.9,1438,2.1,459,8.8,4.2,0.0,0,1.1,10.0,6.5,66.3,40.0,2.2,5.3,250.0,9.7,250.0,2049,2050,20200221,202002,221,2020,2,21,Friday
2020-02-22,-0.2663999999999999,1.64,4.0,7.9,1246,0.0,2340,7.9,3.1,0.0,0,5.9,53.2,9.06,62.0,40.0,4.0,8.2,320.0,14.4,290.0,1319,1324,20200222,202002,222,2020,2,22,Saturday
2020-02-23,-0.05320000000000003,2.0,2.5,8.0,1446,-2.5,645,10.5,0.0,0.0,0,10.2,91.9,17.37,48.6,25.0,2.0,4.2,270.0,8.1,290.0,1434,1435,20200223,202002,223,2020,2,23,Sunday
2020-02-24,-0.08160000000000002,2.0,7.0,12.2,1408,0.8,514,11.4,0.0,0.0,0,7.7,69.4,13.21,51.8,35.0,1.6,3.4,230.0,6.2,250.0,1442,1445,20200224,202002,224,2020,2,24,Monday
2020-02-25,-0.9347999999999997,1.0,6.7,9.4,1642,4.7,2400,4.7,16.6,0.0,0,0.6,5.4,4.11,73.5,58.0,4.2,6.8,70.0,12.4,90.0,1646,1603,20200225,202002,225,2020,2,25,Tuesday
2020-02-26,-0.20160000000000003,2.0,6.4,10.4,1513,2.8,423,7.6,0.0,0.0,0,4.8,42.9,10.45,59.6,39.0,2.1,4.0,340.0,6.6,70.0,24,1411,20200226,202002,226,2020,2,26,Wednesday
2020-02-27,0.04600000000000002,2.0,6.1,12.5,1528,1.3,657,11.2,0.0,0.0,0,10.4,92.0,16.77,54.0,27.0,2.0,4.4,250.0,7.0,200.0,1740,1747,20200227,202002,227,2020,2,27,Thursday
2020-02-28,-0.7648,1.0,4.5,5.9,1013,3.6,1335,2.3,3.9,0.0,0,0.0,0.0,2.41,79.4,43.0,1.4,4.2,230.0,8.1,250.0,1020,1028,20200228,202002,228,2020,2,28,Friday
2020-02-29,0.017200000000000007,2.0,7.7,13.0,1550,4.5,1,8.5,0.5,0.0,0,9.5,84.1,17.12,68.6,41.0,1.7,4.2,270.0,6.4,270.0,1449,1658,20200229,202002,229,2020,2,29,Saturday
2020-03-01,-0.168,2.0,5.8,10.1,1314,3.2,511,6.9,0.2,0.0,0,0.2,1.8,5.4,71.8,58.0,2.0,4.7,270.0,8.3,320.0,2236,1529,20200301,202003,301,2020,3,1,Sunday
2020-03-02,-0.04600000000000001,2.0,3.4,7.6,1546,0.0,723,7.6,0.0,0.0,0,10.0,87.7,17.08,55.3,33.0,2.7,4.9,290.0,9.3,290.0,526,451,20200302,202003,302,2020,3,2,Monday
2020-03-03,-0.23080000000000006,1.8,4.8,10.5,1329,0.3,441,10.2,0.0,0.0,0,4.1,35.7,10.62,57.0,35.0,2.6,4.7,320.0,8.0,270.0,1547,1747,20200303,202003,303,2020,3,3,Tuesday
2020-03-04,-0.7828,1.0,2.2,4.6,1046,-1.3,2351,5.9,0.0,0.0,0,6.6,57.4,10.41,53.4,32.0,3.7,6.8,270.0,11.7,250.0,1112,1118,20200304,202003,304,2020,3,4,Wednesday
2020-03-05,-0.07760000000000006,2.0,1.4,6.3,1527,-2.8,654,9.1,0.0,0.0,0,10.9,94.8,19.25,47.5,25.0,2.5,4.1,270.0,7.6,200.0,1258,1401,20200305,202003,305,2020,3,5,Thursday
2020-03-06,0.025200000000000014,2.0,3.7,10.1,1621,-2.5,718,12.6,0.0,0.0,0,10.6,91.4,16.82,46.8,16.0,1.6,3.6,200.0,6.0,180.0,1452,1454,20200306,202003,306,2020,3,6,Friday
2020-03-07,-0.14480000000000007,2.0,7.0,14.2,1442,1.3,633,12.9,0.0,0.0,0,5.9,50.9,13.0,39.5,18.0,2.0,4.1,270.0,6.3,290.0,1748,1624,20200307,202003,307,2020,3,7,Saturday
2020-03-08,0.13399999999999995,2.92,9.3,16.9,1559,2.3,723,14.6,0.0,0.0,0,10.7,91.5,18.27,43.8,20.0,1.6,4.6,270.0,7.0,270.0,1740,1754,20200308,202003,308,2020,3,8,Sunday
2020-03-09,-0.10480000000000006,2.0,11.1,17.6,1423,4.8,719,12.8,0.0,0.0,0,7.1,60.7,14.19,37.6,20.0,1.8,4.5,320.0,7.3,320.0,2053,1942,20200309,202003,309,2020,3,9,Monday
2020-03-10,-0.8032000000000002,1.0,6.4,10.8,1,3.2,2343,7.6,11.8,0.0,0,0.0,0.0,2.72,78.4,40.0,2.8,5.3,290.0,8.7,290.0,1840,1841,20200310,202003,310,2020,3,10,Tuesday
2020-03-11,-0.15319999999999995,2.0,3.8,8.3,1454,0.0,658,8.3,0.0,0.0,0,11.2,94.9,20.72,41.8,24.0,3.3,5.5,320.0,9.6,290.0,1006,956,20200311,202003,311,2020,3,11,Wednesday
2020-03-12,-0.13239999999999996,1.68,6.8,13.3,1435,0.2,638,13.1,0.0,0.0,0,8.1,68.6,14.32,49.8,19.0,2.5,5.4,230.0,10.2,290.0,1632,1624,20200312,202003,312,2020,3,12,Thursday
2020-03-13,-0.2380000000000001,1.84,4.9,8.7,1427,-0.1,2400,8.8,0.5,0.0,0,9.7,81.5,17.82,41.0,18.0,3.3,5.4,340.0,9.1,340.0,1954,1959,20200313,202003,313,2020,3,13,Friday
2020-03-14,-0.2268,1.44,3.6,8.6,1440,-2.7,642,11.3,0.0,0.0,0,10.0,84.0,18.6,48.1,25.0,3.0,6.8,230.0,11.9,230.0,1400,1543,20200314,202003,314,2020,3,14,Saturday
2020-03-15,-0.5208000000000002,1.0,4.0,8.5,1327,0.2,2335,8.3,0.0,0.0,0,8.5,71.4,17.29,48.3,19.0,3.6,7.8,320.0,14.4,270.0,1533,1507,20200315,202003,315,2020,3,15,Sunday
2020-03-16,-0.03480000000000001,2.0,3.6,9.1,1510,-2.1,638,11.2,0.0,0.0,0,11.3,94.2,21.18,42.4,17.0,2.8,5.2,250.0,9.8,200.0,1711,1634,20200316,202003,316,2020,3,16,Monday
2020-03-17,-0.23799999999999996,1.44,6.6,12.3,1537,3.1,46,9.2,0.0,0.0,0,4.2,35.0,6.89,65.8,50.0,2.1,5.2,230.0,9.0,230.0,1810,1614,20200317,202003,317,2020,3,17,Tuesday
2020-03-18,0.08240000000000001,2.04,10.0,17.0,1550,2.7,726,14.3,0.0,0.0,0,11.1,91.7,20.66,45.8,16.0,1.8,4.4,230.0,8.1,200.0,1530,1538,20200318,202003,318,2020,3,18,Wednesday
2020-03-19,-0.9488000000000004,1.0,9.1,12.1,641,5.8,2400,6.3,0.0,0.0,0,7.7,63.6,15.51,49.0,27.0,4.8,8.2,250.0,16.3,270.0,1130,1636,20200319,202003,319,2020,3,19,Thursday
2020-03-20,-0.14999999999999994,2.0,8.8,14.0,1421,3.1,641,10.9,0.0,0.0,0,11.0,90.9,20.58,39.6,15.0,3.1,6.6,270.0,13.0,230.0,1547,1450,20200320,202003,320,2020,3,20,Friday
2020-03-21,-0.4583999999999999,1.0,12.8,19.5,1538,7.9,107,11.6,0.0,0.0,0,6.1,50.0,14.83,56.5,36.0,2.0,5.1,290.0,8.6,320.0,1819,1821,20200321,202003,321,2020,3,21,Saturday
2020-03-22,0.05480000000000002,2.0,11.0,16.5,1402,6.1,631,10.4,0.0,0.0,0,11.6,95.1,22.54,37.5,13.0,3.0,5.6,320.0,10.2,320.0,1455,1248,20200322,202003,322,2020,3,22,Sunday
2020-03-23,0.07240000000000003,2.0,10.6,17.0,1507,5.4,516,11.6,0.0,0.0,0,11.5,93.5,20.72,37.9,20.0,1.9,4.8,270.0,9.6,320.0,1544,1641,20200323,202003,323,2020,3,23,Monday
2020-03-24,0.17320000000000005,3.0,11.4,17.9,1444,5.3,558,12.6,0.0,0.0,0,11.5,93.5,21.06,35.0,15.0,1.8,4.0,200.0,7.0,290.0,1656,1254,20200324,202003,324,2020,3,24,Tuesday
2020-03-25,0.09680000000000001,2.64,12.5,19.2,1401,6.1,644,13.1,0.0,0.0,0,9.2,74.2,19.29,33.6,17.0,1.9,5.3,320.0,8.3,290.0,1547,1632,20200325,202003,325,2020,3,25,Wednesday
2020-03-26,-0.36279999999999996,1.0,14.8,20.6,1330,8.1,622,12.5,1.8,0.0,0,4.3,34.7,11.97,53.8,24.0,1.9,5.3,160.0,7.3,180.0,1743,1746,20200326,202003,326,2020,3,26,Thursday
2020-03-27,-0.2864000000000001,1.16,11.9,15.8,1512,6.7,2357,9.1,2.0,0.0,0,7.4,59.7,17.04,56.4,27.0,3.3,5.8,320.0,10.3,250.0,1624,1129,20200327,202003,327,2020,3,27,Friday
2020-03-28,-0.16119999999999993,2.0,7.7,12.8,1522,4.5,622,8.3,0.0,0.0,0,9.1,72.8,19.87,17.9,11.0,3.2,5.5,340.0,10.1,360.0,558,641,20200328,202003,328,2020,3,28,Saturday
2020-03-29,0.11,3.0,8.7,16.1,1520,1.3,632,14.8,0.0,0.0,0,11.6,92.8,23.12,30.6,16.0,2.0,4.6,290.0,7.4,270.0,1638,1729,20200329,202003,329,2020,3,29,Sunday
2020-03-30,0.11560000000000002,2.48,10.2,16.9,1542,4.3,658,12.6,0.0,0.0,0,11.7,93.6,22.73,38.4,14.0,1.8,4.1,270.0,6.8,290.0,1340,1801,20200330,202003,330,2020,3,30,Monday
2020-03-31,0.09840000000000006,2.64,11.9,18.6,1401,4.7,622,13.9,0.0,0.0,0,10.0,79.4,20.68,34.5,15.0,2.0,4.4,290.0,7.4,340.0,1403,1521,20200331,202003,331,2020,3,31,Tuesday
2020-04-01,0.048800000000000024,2.08,11.3,17.4,1350,6.0,2358,11.4,0.0,0.0,0,8.6,68.3,19.12,35.6,17.0,3.7,7.3,270.0,11.9,290.0,1520,1437,20200401,202004,401,2020,4,1,Wednesday
2020-04-02,-0.18240000000000006,2.0,9.3,15.5,1315,3.4,613,12.1,0.0,0.0,0,10.6,83.5,21.25,41.4,15.0,2.3,5.5,270.0,9.8,270.0,1502,1533,20200402,202004,402,2020,4,2,Thursday
2020-04-03,0.15439999999999995,3.0,10.0,16.3,1434,5.3,504,11.0,0.0,0.0,0,10.7,84.3,22.56,53.8,23.0,2.7,5.7,270.0,9.4,290.0,1611,1628,20200403,202004,403,2020,4,3,Friday
2020-04-04,-0.09400000000000003,2.0,8.9,13.3,1505,5.0,2358,8.3,0.0,0.0,0,10.4,81.3,23.33,36.4,10.0,3.4,6.3,290.0,12.8,270.0,1650,1657,20200404,202004,404,2020,4,4,Saturday
2020-04-05,-0.026800000000000004,2.0,7.2,13.7,1516,1.9,605,11.8,0.0,0.0,0,12.1,94.5,24.58,29.5,13.0,2.8,5.4,230.0,9.7,200.0,1638,1629,20200405,202004,405,2020,4,5,Sunday
2020-04-06,0.07080000000000003,2.0,9.3,16.1,1348,2.9,601,13.2,0.0,0.0,0,11.4,89.1,22.51,38.3,18.0,2.4,5.9,270.0,10.2,250.0,1508,1516,20200406,202004,406,2020,4,6,Monday
2020-04-07,0.05080000000000001,2.0,10.6,16.8,1416,6.0,430,10.8,0.0,0.0,0,9.0,69.8,19.3,56.6,32.0,2.5,5.1,270.0,8.4,200.0,1639,1524,20200407,202004,407,2020,4,7,Tuesday
2020-04-08,-0.010000000000000002,2.0,9.4,14.2,1557,5.2,457,9.0,0.0,0.0,0,12.3,95.3,24.86,25.5,13.0,3.5,5.9,340.0,11.2,340.0,1214,1124,20200408,202004,408,2020,4,8,Wednesday
2020-04-09,-0.09439999999999998,2.0,8.9,14.7,1437,4.3,604,10.4,0.0,0.0,0,11.8,91.5,24.79,44.6,30.0,2.8,5.7,250.0,10.2,250.0,1529,1707,20200409,202004,409,2020,4,9,Thursday
2020-04-10,-0.04680000000000001,2.0,10.7,16.8,1527,5.8,520,11.0,0.0,0.0,0,9.2,70.8,21.07,52.6,32.0,2.4,4.1,290.0,7.5,290.0,1557,1619,20200410,202004,410,2020,4,10,Friday
2020-04-11,-0.015599999999999994,2.0,9.9,16.0,1441,6.2,630,9.8,0.0,0.0,0,8.8,67.7,19.4,63.8,39.0,2.5,4.9,270.0,8.6,230.0,1444,1804,20200411,202004,411,2020,4,11,Saturday
2020-04-12,-0.2280000000000001,1.56,9.9,15.6,1136,4.4,617,11.2,0.0,0.0,0,8.3,63.4,19.25,58.6,39.0,3.8,7.4,90.0,13.4,70.0,1326,1333,20200412,202004,412,2020,4,12,Sunday
2020-04-13,0.2188000000000001,3.0,12.4,20.4,1617,4.3,617,16.1,0.0,0.0,0,12.2,93.1,26.02,39.4,16.0,3.1,5.5,50.0,9.8,90.0,1244,1536,20200413,202004,413,2020,4,13,Monday
2020-04-14,0.2148000000000001,3.0,13.0,19.6,1351,7.6,631,12.0,0.0,0.0,0,12.1,92.4,25.93,46.8,23.0,2.4,5.3,270.0,10.0,250.0,1437,1501,20200414,202004,414,2020,4,14,Tuesday
2020-04-15,0.3132,3.2,13.2,20.2,1510,7.2,609,13.0,0.0,0.0,0,10.0,75.8,21.49,39.8,25.0,2.2,5.6,290.0,9.2,290.0,1528,1645,20200415,202004,415,2020,4,15,Wednesday
2020-04-16,0.3048,3.08,16.0,23.8,1535,8.9,353,14.9,0.0,0.0,0,10.6,80.3,22.96,39.9,23.0,2.3,4.5,320.0,8.0,320.0,1753,1800,20200416,202004,416,2020,4,16,Thursday
2020-04-17,-0.8472,1.0,12.5,15.4,201,10.4,959,5.0,6.5,3.9,1238,0.3,2.3,4.23,77.8,45.0,2.4,4.8,140.0,9.4,160.0,820,828,20200417,202004,417,2020,4,17,Friday
2020-04-18,-0.15999999999999998,2.0,13.5,19.6,1455,8.5,632,11.1,0.0,0.0,0,10.4,78.2,23.09,67.9,44.0,2.6,4.8,270.0,8.0,290.0,1636,1656,20200418,202004,418,2020,4,18,Saturday
2020-04-19,-0.588,1.0,12.3,15.5,1332,9.5,2300,6.0,10.3,2.9,1712,0.3,2.3,5.25,75.8,51.0,2.7,5.2,90.0,8.6,70.0,2044,2037,20200419,202004,419,2020,4,19,Sunday
2020-04-20,-0.6428,1.0,10.0,13.1,1059,7.6,2353,5.5,0.1,0.1,0,1.3,9.7,7.34,73.0,56.0,3.3,6.8,270.0,14.2,270.0,1626,1621,20200420,202004,420,2020,4,20,Monday
2020-04-21,-0.6188000000000002,1.0,7.4,10.4,1418,4.8,2257,5.6,0.0,0.0,0,10.1,75.4,23.63,49.0,29.0,4.4,8.9,290.0,17.0,230.0,1435,1739,20200421,202004,421,2020,4,21,Tuesday
2020-04-22,-0.48119999999999996,1.0,6.0,8.3,1405,4.1,550,4.2,0.0,0.0,0,5.3,39.6,15.89,46.8,35.0,4.0,6.4,290.0,12.5,290.0,1145,1325,20200422,202004,422,2020,4,22,Wednesday
2020-04-23,-0.26639999999999986,1.0,7.9,12.8,1456,2.9,543,9.9,0.0,0.0,0,11.8,87.4,25.72,47.8,28.0,3.7,7.9,250.0,12.9,320.0,1223,1535,20200423,202004,423,2020,4,23,Thursday
2020-04-24,-0.15559999999999996,2.0,9.9,14.3,1409,4.1,612,10.2,0.0,0.0,0,12.0,88.9,26.61,55.6,29.0,3.9,8.2,270.0,16.0,250.0,1303,1303,20200424,202004,424,2020,4,24,Friday
2020-04-25,-0.07680000000000003,2.0,13.1,17.1,1447,9.9,1,7.2,0.0,0.0,0,8.5,62.5,18.9,54.4,45.0,3.9,7.8,250.0,15.0,230.0,1050,1050,20200425,202004,425,2020,4,25,Saturday
2020-04-26,-0.08560000000000002,2.0,12.3,19.0,1527,6.8,612,12.2,0.0,0.0,0,12.5,91.9,28.36,43.1,20.0,3.2,6.5,290.0,10.8,290.0,1730,1714,20200426,202004,426,2020,4,26,Sunday
2020-04-27,-0.12479999999999998,2.0,12.9,18.3,1419,8.7,516,9.6,0.0,0.0,0,9.7,71.3,22.98,49.8,25.0,2.8,5.5,290.0,11.2,270.0,1620,1541,20200427,202004,427,2020,4,27,Monday
2020-04-28,0.20440000000000003,2.96,13.9,19.9,1447,7.8,555,12.1,0.0,0.0,0,12.6,92.0,26.97,50.0,26.0,3.0,5.5,230.0,10.0,250.0,1456,1204,20200428,202004,428,2020,4,28,Tuesday
2020-04-29,0.2124000000000001,3.0,14.9,21.0,1333,9.3,559,11.7,0.0,0.0,0,12.2,89.1,26.1,48.6,25.0,2.6,5.2,320.0,8.6,290.0,1349,1412,20200429,202004,429,2020,4,29,Wednesday
2020-04-30,0.35359999999999997,3.52,17.1,23.4,1459,9.3,553,14.1,0.0,0.0,0,8.2,59.9,24.03,57.1,41.0,2.7,5.9,290.0,10.0,230.0,2236,1517,20200430,202004,430,2020,4,30,Thursday
2020-05-01,0.43119999999999997,4.0,20.2,26.2,1450,16.4,301,9.8,0.0,0.0,0,6.1,44.2,18.96,73.6,54.0,2.7,5.5,290.0,9.9,290.0,1752,1726,20200501,202005,501,2020,5,1,Friday
2020-05-02,0.11520000000000002,2.36,20.3,23.9,1500,18.0,328,5.9,0.0,0.0,0,0.2,1.4,9.43,79.6,62.0,2.3,4.6,230.0,7.6,290.0,1437,111,20200502,202005,502,2020,5,2,Saturday
2020-05-03,0.08720000000000003,2.12,21.8,27.4,1459,17.0,520,10.4,0.0,0.0,0,5.9,42.8,19.41,68.8,46.0,2.0,3.9,160.0,7.2,140.0,1224,1242,20200503,202005,503,2020,5,3,Sunday
2020-05-04,0.26679999999999987,3.0,20.2,25.3,1358,14.8,2359,10.5,0.0,0.0,0,10.1,72.7,25.42,63.9,44.0,2.7,4.6,270.0,8.7,270.0,1317,1247,20200504,202005,504,2020,5,4,Monday
2020-05-05,-0.31679999999999997,1.12,16.0,19.3,1211,13.1,519,6.2,0.0,0.0,0,3.3,23.7,9.41,67.9,54.0,1.9,5.3,250.0,8.8,230.0,1346,1354,20200505,202005,505,2020,5,5,Tuesday
2020-05-06,0.5223999999999998,4.0,19.4,27.6,1546,11.1,546,16.5,0.0,0.0,0,12.8,92.1,28.51,50.0,19.0,2.1,4.4,320.0,8.0,20.0,1538,1623,20200506,202005,506,2020,5,6,Wednesday
2020-05-07,0.5119999999999998,4.0,20.7,26.5,1419,14.9,541,11.6,0.0,0.0,0,8.7,62.1,23.93,32.5,20.0,2.5,4.3,90.0,9.5,140.0,930,319,20200507,202005,507,2020,5,7,Thursday
2020-05-08,0.08000000000000003,2.04,19.9,27.3,1423,14.3,2357,13.0,2.3,1.6,2203,7.5,53.6,23.26,32.8,11.0,2.4,4.5,290.0,7.9,290.0,1529,1514,20200508,202005,508,2020,5,8,Friday
2020-05-09,-0.8944000000000004,1.0,14.2,16.8,1623,12.7,338,4.1,24.4,4.7,948,0.0,0.0,3.0,94.4,76.0,3.6,5.9,90.0,11.0,90.0,333,615,20200509,202005,509,2020,5,9,Saturday
2020-05-10,0.0084,2.24,14.4,16.6,1405,12.8,138,3.8,1.3,0.7,230,0.4,2.8,6.77,88.6,78.0,2.5,4.1,250.0,7.1,250.0,1534,1556,20200510,202005,510,2020,5,10,Sunday
2020-05-11,0.12079999999999998,2.8,16.5,22.0,1414,12.4,2358,9.6,3.4,3.8,2323,7.2,51.1,22.98,61.0,27.0,3.0,5.6,290.0,10.1,250.0,1424,1456,20200511,202005,511,2020,5,11,Monday
2020-05-12,0.10519999999999997,2.68,14.3,18.9,1527,10.5,516,8.4,0.7,0.7,1,5.0,35.5,13.6,69.4,47.0,2.9,5.4,320.0,12.2,230.0,1641,1907,20200512,202005,512,2020,5,12,Tuesday
2020-05-13,0.2544000000000002,3.0,16.1,21.8,1420,10.2,607,11.6,0.0,0.0,0,13.0,92.2,29.7,47.3,24.0,2.8,6.5,290.0,12.1,290.0,1304,1613,20200513,202005,513,2020,5,13,Wednesday
2020-05-14,0.27879999999999994,3.0,19.3,25.4,1346,12.4,402,13.0,0.0,0.0,0,6.6,46.5,20.64,35.4,20.0,2.0,4.3,340.0,6.9,290.0,1352,1557,20200514,202005,514,2020,5,14,Thursday
2020-05-15,-0.7496,1.0,16.1,20.2,426,14.1,1052,6.1,12.0,2.1,838,0.0,0.0,3.43,81.4,34.0,3.0,5.3,180.0,13.2,160.0,425,432,20200515,202005,515,2020,5,15,Friday
2020-05-16,0.05400000000000001,2.04,16.7,20.3,1644,15.0,1,5.3,2.5,0.5,556,0.6,4.2,7.6,90.3,74.0,1.6,3.3,90.0,4.9,70.0,10,1,20200516,202005,516,2020,5,16,Saturday
2020-05-17,-0.23400000000000007,1.84,19.1,24.9,1640,14.6,537,10.3,0.0,0.0,0,3.9,27.3,15.26,80.1,58.0,1.7,4.3,320.0,7.7,340.0,448,456,20200517,202005,517,2020,5,17,Sunday
2020-05-18,-0.742,1.0,19.1,26.8,1429,13.2,2202,13.6,29.8,19.8,1553,3.2,22.4,14.07,79.4,46.0,2.4,7.2,290.0,16.4,290.0,1556,1607,20200518,202005,518,2020,5,18,Monday
2020-05-19,-0.9275999999999998,1.0,13.0,17.1,1605,10.1,2355,7.0,19.0,9.6,949,3.0,21.0,15.29,73.6,52.0,3.2,7.2,70.0,12.9,70.0,1503,1436,20200519,202005,519,2020,5,19,Tuesday
2020-05-20,-0.19120000000000004,2.0,14.4,20.1,1427,9.2,213,10.9,0.0,0.0,0,4.5,31.5,20.91,60.4,46.0,1.9,3.0,90.0,6.0,50.0,1207,2110,20200520,202005,520,2020,5,20,Wednesday
2020-05-21,0.42160000000000003,4.0,17.4,22.9,1630,10.9,519,12.0,0.0,0.0,0,9.4,65.3,24.35,56.1,40.0,2.1,3.3,90.0,6.1,90.0,539,609,20200521,202005,521,2020,5,21,Thursday
2020-05-22,0.2572,3.0,18.5,22.7,1541,14.8,541,7.9,0.0,0.0,0,0.7,4.9,13.07,68.5,55.0,1.9,4.9,290.0,8.0,160.0,950,1742,20200522,202005,522,2020,5,22,Friday
2020-05-23,0.26999999999999985,3.0,20.1,25.0,1530,16.6,545,8.4,0.0,0.0,0,6.8,47.2,23.24,66.1,44.0,2.2,4.7,270.0,8.3,290.0,1703,1703,20200523,202005,523,2020,5,23,Saturday
2020-05-24,-0.4484,1.0,17.1,20.2,1415,14.3,2319,5.9,14.5,9.9,544,1.1,7.6,10.59,84.8,70.0,2.9,6.5,270.0,12.8,270.0,728,727,20200524,202005,524,2020,5,24,Sunday
2020-05-25,0.24480000000000005,3.0,16.6,21.3,1513,13.7,2357,7.6,0.0,0.0,0,2.5,17.2,16.88,81.0,62.0,2.1,3.8,290.0,6.0,250.0,1424,1623,20200525,202005,525,2020,5,25,Monday
2020-05-26,-0.0924,2.0,16.2,22.9,1400,12.7,535,10.2,1.5,1.5,1955,4.8,33.1,18.49,81.9,47.0,2.1,5.4,320.0,8.8,320.0,1503,1511,20200526,202005,526,2020,5,26,Tuesday
2020-05-27,0.45680000000000015,4.0,17.4,23.9,1450,11.8,602,12.1,0.0,0.0,0,13.2,91.0,30.06,68.5,31.0,2.6,5.9,290.0,9.3,290.0,1623,1804,20200527,202005,527,2020,5,27,Wednesday
2020-05-28,-0.20360000000000003,2.0,18.7,23.4,1605,14.2,529,9.2,0.0,0.0,0,8.4,57.9,22.83,62.8,38.0,1.9,3.9,290.0,7.3,270.0,1332,1338,20200528,202005,528,2020,5,28,Thursday
2020-05-29,0.5752,4.0,20.7,27.6,1652,14.6,546,13.0,0.0,0.0,0,12.7,87.6,28.09,65.6,38.0,2.0,4.1,180.0,6.7,180.0,1449,1452,20200529,202005,529,2020,5,29,Friday
2020-05-30,0.44239999999999996,4.0,22.6,30.0,1601,16.5,530,13.5,0.0,0.0,0,11.3,77.4,26.5,57.3,29.0,1.9,4.3,320.0,7.0,340.0,1724,1725,20200530,202005,530,2020,5,30,Saturday
2020-05-31,0.4376000000000002,4.0,21.2,28.0,1332,17.6,523,10.4,1.0,1.0,2245,5.0,34.2,19.15,63.0,39.0,2.3,5.7,320.0,8.6,340.0,1857,1901,20200531,202005,531,2020,5,31,Sunday
2020-06-01,0.24679999999999996,3.0,19.7,24.5,1603,16.6,528,7.9,0.4,0.3,-2345,11.5,78.8,30.35,64.3,37.0,3.4,6.2,290.0,12.3,320.0,1205,1239,20200601,202006,601,2020,6,1,Monday
2020-06-02,-0.32279999999999986,1.0,17.9,21.8,1526,14.8,449,7.0,2.0,1.9,1055,0.2,1.4,5.89,71.0,43.0,2.2,4.1,250.0,9.1,160.0,1340,1629,20200602,202006,602,2020,6,2,Tuesday
2020-06-03,0.288,3.0,22.0,28.4,1516,17.6,546,10.8,0.0,0.0,0,9.5,65.1,24.64,73.3,47.0,2.4,5.6,290.0,8.8,290.0,1948,2005,20200603,202006,603,2020,6,3,Wednesday
2020-06-04,0.3291999999999999,3.0,21.9,26.5,1401,19.7,2358,6.8,0.2,0.1,0,4.7,32.2,19.77,81.1,57.0,2.7,4.7,270.0,7.7,250.0,1416,1429,20200604,202006,604,2020,6,4,Thursday
2020-06-05,0.3348,3.56,23.0,28.7,1529,18.4,443,10.3,0.0,0.0,0,8.8,59.9,23.36,69.4,45.0,1.8,3.8,290.0,6.7,320.0,1826,1845,20200605,202006,605,2020,6,5,Friday
2020-06-06,0.36999999999999994,4.0,24.6,30.9,1543,19.2,541,11.7,0.0,0.0,0,8.6,58.5,23.38,63.6,38.0,2.0,4.4,290.0,7.8,290.0,1646,1730,20200606,202006,606,2020,6,6,Saturday
2020-06-07,0.5336000000000002,4.0,22.7,29.2,1545,19.2,318,10.0,0.0,0.0,0,9.2,62.6,26.04,69.4,44.0,2.3,5.1,200.0,7.3,180.0,1105,1110,20200607,202006,607,2020,6,7,Sunday
2020-06-08,0.376,4.0,25.0,32.0,1529,19.8,101,12.2,0.0,0.0,0,11.3,76.9,26.13,63.6,40.0,2.1,5.5,290.0,8.8,290.0,1759,1824,20200608,202006,608,2020,6,8,Monday
2020-06-09,0.37160000000000004,3.96,26.7,32.8,1502,20.3,558,12.5,0.0,0.0,0,12.9,87.8,28.36,51.6,34.0,2.3,4.3,290.0,7.9,340.0,1622,1538,20200609,202006,609,2020,6,9,Tuesday
2020-06-10,0.06840000000000002,2.68,25.8,32.1,1356,22.5,548,9.6,6.2,2.9,2019,5.2,35.4,18.85,63.8,41.0,2.0,6.2,340.0,9.8,270.0,1755,1747,20200610,202006,610,2020,6,10,Wednesday
2020-06-15,0.44320000000000015,4.0,23.0,28.6,1500,18.2,548,10.4,0.0,0.0,0,10.1,68.2,26.53,62.3,31.0,2.8,6.3,290.0,13.4,250.0,1538,1616,20200615,202006,615,2020,6,15,Monday
2020-06-16,0.44599999999999995,4.0,24.4,30.7,1527,20.0,357,10.7,0.0,0.0,0,7.5,50.7,24.74,63.0,37.0,2.2,4.4,270.0,6.9,250.0,1652,1651,20200616,202006,616,2020,6,16,Tuesday
2020-06-17,0.3783999999999999,3.44,24.3,30.3,1455,20.2,533,10.1,0.0,0.0,0,5.9,39.9,21.25,58.6,37.0,2.0,4.3,290.0,7.9,230.0,1626,1644,20200617,202006,617,2020,6,17,Wednesday
2020-06-18,0.4295999999999999,3.84,23.4,27.3,1551,20.3,541,7.0,0.0,0.0,0,0.1,0.7,11.0,61.4,47.0,1.6,3.4,290.0,5.6,290.0,1840,1845,20200618,202006,618,2020,6,18,Thursday
2020-06-19,-0.2636000000000001,1.52,24.7,30.0,1448,21.1,658,8.9,0.1,0.1,0,6.0,40.5,19.6,61.4,45.0,2.1,4.2,290.0,7.1,50.0,56,1901,20200619,202006,619,2020,6,19,Friday
2020-06-20,0.20199999999999993,2.76,24.9,29.7,1254,20.7,503,9.0,0.0,0.0,0,11.7,79.1,24.75,62.6,48.0,2.1,4.6,320.0,7.9,270.0,1542,1616,20200620,202006,620,2020,6,20,Saturday
2020-06-21,0.29760000000000014,3.2,26.1,32.7,1450,19.5,544,13.2,0.0,0.0,0,13.5,91.2,27.82,59.5,39.0,2.0,4.5,290.0,8.4,290.0,1515,1518,20200621,202006,621,2020,6,21,Sunday
2020-06-22,0.1144,2.68,28.6,35.4,1509,21.7,522,13.7,0.0,0.0,0,13.3,89.9,28.95,50.5,26.0,2.0,4.1,290.0,6.7,290.0,1700,1807,20200622,202006,622,2020,6,22,Monday
2020-06-23,0.24760000000000004,3.0,27.3,31.0,1405,23.2,610,7.8,0.0,0.0,0,5.1,34.5,16.97,53.5,42.0,1.9,3.7,250.0,5.7,250.0,1428,1430,20200623,202006,623,2020,6,23,Tuesday
2020-06-24,-0.6700000000000002,1.0,22.3,26.3,1,19.9,1250,6.4,37.6,8.5,1105,0.0,0.0,2.91,83.5,55.0,2.7,5.7,140.0,10.0,110.0,702,1005,20200624,202006,624,2020,6,24,Wednesday
2020-06-25,-0.16480000000000003,2.0,21.6,23.4,1527,20.1,2331,3.3,13.3,3.5,120,0.1,0.7,6.11,91.0,79.0,2.2,4.3,180.0,7.1,180.0,1510,2126,20200625,202006,625,2020,6,25,Thursday
2020-06-26,0.08800000000000004,2.0,21.8,25.7,1529,19.2,338,6.5,2.1,0.9,-2331,3.1,20.9,13.03,82.1,63.0,3.2,5.3,230.0,9.5,200.0,315,323,20200626,202006,626,2020,6,26,Friday
2020-06-27,0.2280000000000001,3.0,24.1,29.6,1525,20.4,524,9.2,0.0,0.0,0,7.4,50.0,22.18,70.4,52.0,2.0,5.4,290.0,8.3,250.0,1642,1759,20200627,202006,627,2020,6,27,Saturday
2020-06-28,0.33599999999999985,3.16,25.2,30.1,1507,21.5,554,8.6,0.0,0.0,0,12.4,83.8,28.6,70.5,49.0,2.4,4.7,250.0,7.7,270.0,1641,1646,20200628,202006,628,2020,6,28,Sunday
2020-06-29,-0.5192,1.0,23.8,26.5,1059,20.6,2357,5.9,11.9,9.6,2331,1.7,11.6,8.4,77.0,64.0,2.4,5.9,50.0,9.9,50.0,2257,2337,20200629,202006,629,2020,6,29,Monday
2020-06-30,-0.7156000000000001,1.0,20.1,23.1,1450,18.4,507,4.7,64.7,15.9,330,0.0,0.0,6.2,83.0,63.0,4.0,7.6,50.0,14.5,50.0,220,232,20200630,202006,630,2020,6,30,Tuesday
2020-07-01,-0.12400000000000005,2.0,21.1,24.3,1642,18.1,447,6.2,0.0,0.0,0,0.2,1.4,9.47,79.3,67.0,1.9,3.7,320.0,6.1,320.0,10,26,20200701,202007,701,2020,7,1,Wednesday
2020-07-02,0.026399999999999983,2.32,24.2,29.8,1635,20.4,114,9.4,0.0,0.0,0,5.4,36.7,19.15,74.5,51.0,1.9,3.4,270.0,5.4,230.0,2110,1802,20200702,202007,702,2020,7,2,Thursday
2020-07-03,0.2144,3.0,25.5,30.6,1508,21.6,2400,9.0,0.1,0.5,2330,9.6,65.3,27.47,63.5,34.0,2.6,6.1,160.0,10.5,140.0,1446,1527,20200703,202007,703,2020,7,3,Friday
2020-07-04,0.39879999999999993,3.76,24.2,29.5,1451,20.4,542,9.1,1.6,0.9,36,9.5,64.6,26.88,63.9,39.0,2.1,4.4,250.0,7.4,270.0,1648,1632,20200704,202007,704,2020,7,4,Saturday
2020-07-05,0.22759999999999997,3.0,23.8,27.6,1313,19.9,521,7.7,0.0,0.0,0,6.4,43.5,20.85,68.6,52.0,1.9,3.5,250.0,5.5,270.0,1335,1731,20200705,202007,705,2020,7,5,Sunday
2020-07-06,-0.03960000000000001,2.24,25.6,30.9,1605,21.8,554,9.1,0.0,0.0,0,5.0,34.0,19.28,66.6,46.0,2.1,4.7,320.0,7.7,340.0,1711,1711,20200706,202007,706,2020,7,6,Monday
2020-07-07,-0.20960000000000004,1.56,24.1,28.1,1647,22.1,659,6.0,0.0,0.0,0,4.0,27.4,15.15,75.5,59.0,2.5,4.0,290.0,6.6,320.0,2206,1553,20200707,202007,707,2020,7,7,Tuesday
2020-07-08,0.2328,3.08,25.5,30.4,1602,21.3,536,9.1,0.0,0.0,0,10.0,68.5,25.81,71.9,52.0,2.0,3.7,290.0,6.4,250.0,1356,1439,20200708,202007,708,2020,7,8,Wednesday
2020-07-09,-0.05440000000000001,2.0,27.5,32.9,1449,21.8,526,11.1,0.0,0.0,0,7.7,52.7,23.1,64.6,38.0,1.7,3.6,320.0,6.3,160.0,1247,1923,20200709,202007,709,2020,7,9,Thursday
2020-07-10,-0.4504000000000001,1.0,24.5,27.7,1,22.7,2344,5.0,2.2,1.9,800,3.1,21.2,12.3,75.0,60.0,2.8,6.6,50.0,11.3,20.0,1609,1555,20200710,202007,710,2020,7,10,Friday
2020-07-11,-0.10760000000000002,2.0,25.8,30.2,1406,22.2,432,8.0,0.0,0.0,0,6.6,45.2,21.82,62.6,49.0,2.6,5.0,50.0,10.0,20.0,1257,2043,20200711,202007,711,2020,7,11,Saturday
2020-07-12,0.03440000000000001,2.08,23.5,26.0,1235,21.7,2319,4.3,2.9,0.9,1644,0.0,0.0,7.67,71.9,58.0,2.4,3.6,50.0,7.5,70.0,2358,2233,20200712,202007,712,2020,7,12,Sunday
2020-07-13,-0.6587999999999999,1.0,18.7,21.7,1,17.7,615,4.0,47.6,6.2,2215,0.0,0.0,4.58,94.8,86.0,4.0,5.9,50.0,11.0,50.0,2100,2121,20200713,202007,713,2020,7,13,Monday
2020-07-14,-0.13360000000000002,2.0,20.3,24.3,1533,17.2,416,7.1,11.5,5.9,-2331,0.1,0.7,12.46,79.4,62.0,2.8,4.4,50.0,8.6,50.0,220,1347,20200714,202007,714,2020,7,14,Tuesday
2020-07-15,0.27240000000000014,3.0,23.4,28.7,1703,18.9,547,9.8,0.0,0.0,0,9.3,64.1,26.6,63.1,40.0,2.0,3.4,50.0,6.8,50.0,1514,1336,20200715,202007,715,2020,7,15,Wednesday
2020-07-16,0.3204000000000001,3.28,25.0,29.7,1514,20.4,454,9.3,0.0,0.0,0,10.2,70.3,25.76,70.9,55.0,1.8,3.5,270.0,6.2,250.0,1801,1543,20200716,202007,716,2020,7,16,Thursday
2020-07-17,-0.45520000000000005,1.0,26.0,31.6,1433,21.5,544,10.1,0.0,0.0,0,7.5,51.7,22.28,72.0,52.0,1.9,5.6,270.0,9.6,250.0,1604,1619,20200717,202007,717,2020,7,17,Friday
2020-07-18,0.13839999999999997,2.76,26.1,31.0,1539,22.8,529,8.2,0.0,0.0,0,4.3,29.7,15.49,71.6,54.0,1.6,4.0,290.0,6.4,320.0,1653,1657,20200718,202007,718,2020,7,18,Saturday
2020-07-19,-0.6656000000000002,1.0,24.0,26.6,2201,20.6,904,6.0,29.1,19.3,820,0.0,0.0,4.92,81.6,62.0,2.7,4.3,50.0,8.4,110.0,2148,1033,20200719,202007,719,2020,7,19,Sunday
2020-07-20,-0.6056,1.0,23.8,26.6,212,22.4,2217,4.2,3.6,1.3,231,0.0,0.0,5.15,86.3,77.0,3.7,7.0,200.0,13.4,180.0,601,610,20200720,202007,720,2020,7,20,Monday
2020-07-21,-0.13519999999999996,1.92,25.0,30.5,1533,21.4,611,9.1,0.0,0.0,0,4.0,27.8,17.83,77.0,51.0,1.6,4.2,250.0,6.6,250.0,1723,1729,20200721,202007,721,2020,7,21,Tuesday
2020-07-22,-0.36039999999999994,1.04,23.7,25.7,1501,22.6,2222,3.1,11.5,6.2,758,0.0,0.0,4.5,89.3,81.0,1.6,3.4,140.0,5.6,160.0,1655,1633,20200722,202007,722,2020,7,22,Wednesday
2020-07-23,-0.6748000000000001,1.0,21.1,22.6,1,18.5,2319,4.1,103.1,18.5,1717,0.0,0.0,2.72,95.5,89.0,3.6,8.3,50.0,14.9,70.0,2021,1954,20200723,202007,723,2020,7,23,Thursday
2020-07-24,-0.7300000000000003,1.0,22.5,26.8,1625,18.7,1,8.1,2.9,2.3,855,1.0,7.0,10.46,74.3,61.0,4.6,8.7,50.0,16.1,50.0,109,109,20200724,202007,724,2020,7,24,Friday
2020-07-25,-0.27560000000000007,1.48,24.3,29.0,1555,22.3,235,6.7,0.0,0.0,0,1.9,13.3,15.59,69.3,56.0,3.1,6.1,50.0,11.3,50.0,1437,1428,20200725,202007,725,2020,7,25,Saturday
2020-07-26,-0.4224,1.0,25.4,29.6,1614,21.6,549,8.0,0.0,0.0,0,5.6,39.2,18.14,69.3,56.0,2.0,3.3,50.0,5.9,20.0,53,952,20200726,202007,726,2020,7,26,Sunday
2020-07-27,-0.5088000000000003,1.0,24.3,25.5,1540,22.9,611,2.6,2.2,0.6,306,0.0,0.0,7.72,86.4,80.0,2.2,3.2,50.0,5.7,20.0,1243,1656,20200727,202007,727,2020,7,27,Monday
2020-07-28,-0.3131999999999999,1.0,24.4,26.4,1447,22.7,548,3.7,0.4,0.3,1614,0.0,0.0,8.38,84.8,71.0,2.0,3.1,50.0,5.4,70.0,1219,1256,20200728,202007,728,2020,7,28,Tuesday
2020-07-29,-0.6796,1.0,23.7,24.9,1746,22.6,925,2.3,50.1,27.1,902,0.0,0.0,3.18,95.8,89.0,2.0,3.4,70.0,6.7,50.0,524,524,20200729,202007,729,2020,7,29,Wednesday
2020-07-30,-0.8116000000000001,1.0,25.3,28.4,1439,23.4,2324,5.0,0.1,0.1,0,3.0,21.3,15.34,85.5,68.0,2.1,3.8,200.0,7.7,180.0,1351,1342,20200730,202007,730,2020,7,30,Thursday
2020-07-31,-0.634,1.16,26.2,29.6,1319,22.8,635,6.8,1.5,1.2,2305,5.0,35.5,14.5,81.9,69.0,2.0,4.6,290.0,8.2,320.0,2341,2348,20200731,202007,731,2020,7,31,Friday
2020-08-01,-0.6320000000000001,1.0,25.3,26.9,1113,24.3,546,2.6,39.1,23.6,1222,0.0,0.0,5.31,90.9,82.0,1.7,4.9,180.0,9.0,180.0,1952,1948,20200801,202008,801,2020,8,1,Saturday
2020-08-02,-0.5456,1.0,24.9,26.4,1501,23.5,1855,2.9,31.4,13.8,1533,0.0,0.0,2.55,96.3,90.0,2.3,7.5,250.0,14.6,250.0,1538,1543,20200802,202008,802,2020,8,2,Sunday
2020-08-03,-0.6959999999999998,1.0,25.0,26.3,142,23.9,2002,2.4,102.6,28.5,836,0.0,0.0,3.09,96.3,89.0,3.0,8.3,180.0,14.5,200.0,21,25,20200803,202008,803,2020,8,3,Monday
2020-08-04,-1.0632,1.0,27.0,29.4,1520,25.0,1,4.4,3.9,1.8,636,0.4,2.9,8.06,89.3,77.0,3.5,5.7,200.0,11.0,180.0,1402,724,20200804,202008,804,2020,8,4,Tuesday
2020-08-05,-0.9279999999999999,1.0,26.5,29.1,1630,25.5,2346,3.6,18.5,14.4,2325,0.1,0.7,5.02,92.1,81.0,1.9,4.6,160.0,8.0,200.0,915,1651,20200805,202008,805,2020,8,5,Wednesday
2020-08-06,-1.1807999999999998,1.0,24.1,26.0,1644,22.9,2357,3.1,75.7,19.9,415,0.2,1.4,6.74,92.8,83.0,3.3,6.5,200.0,13.1,200.0,544,545,20200806,202008,806,2020,8,6,Thursday
2020-08-07,-0.1448,2.0,24.3,26.1,1536,22.6,628,3.5,0.0,0.0,0,0.0,0.0,6.7,85.3,71.0,1.8,3.3,110.0,6.9,110.0,1126,1800,20200807,202008,807,2020,8,7,Friday
2020-08-08,-0.6919999999999997,1.0,24.2,26.1,1628,22.7,432,3.4,19.1,5.9,2026,1.8,12.9,6.96,89.5,77.0,2.3,3.7,70.0,7.5,110.0,1055,852,20200808,202008,808,2020,8,8,Saturday
2020-08-09,-0.7424000000000003,1.0,24.9,25.8,2330,23.7,1,2.1,50.3,13.9,1337,0.0,0.0,1.43,95.4,89.0,2.6,6.8,200.0,12.4,180.0,1256,1241,20200809,202008,809,2020,8,9,Sunday
2020-08-10,-1.216,1.0,26.5,29.5,1331,24.7,2357,4.8,44.6,28.6,1556,0.2,1.4,7.77,91.6,78.0,2.0,4.3,200.0,10.2,200.0,341,348,20200810,202008,810,2020,8,10,Monday
2020-08-11,-0.9015999999999998,1.0,24.6,27.3,1333,22.4,536,4.9,97.0,23.6,435,0.5,3.6,7.44,92.5,79.0,2.2,4.7,200.0,9.1,250.0,500,411,20200811,202008,811,2020,8,11,Tuesday
2020-08-12,-0.9936000000000001,1.0,27.2,31.3,1405,23.5,431,7.8,0.0,0.0,0,2.1,15.3,13.62,83.9,68.0,1.9,4.3,200.0,6.7,200.0,1834,1840,20200812,202008,812,2020,8,12,Wednesday
2020-08-13,-1.2192,1.0,28.0,30.3,1557,26.3,506,4.0,0.0,0.0,0,0.2,1.5,7.96,82.4,74.0,2.5,4.9,200.0,8.7,200.0,2026,2050,20200813,202008,813,2020,8,13,Thursday
2020-08-14,-1.0119999999999998,1.0,27.1,28.0,1147,26.5,822,1.5,0.4,0.4,750,0.0,0.0,4.14,86.1,81.0,3.5,5.7,230.0,10.9,230.0,1306,1306,20200814,202008,814,2020,8,14,Friday
2020-08-15,-0.8168,1.0,26.1,27.0,1745,25.0,729,2.0,69.0,23.7,552,0.0,0.0,3.25,96.0,92.0,1.9,5.6,230.0,10.5,180.0,651,655,20200815,202008,815,2020,8,15,Saturday
2020-08-16,-0.3484,1.04,27.4,30.8,1441,25.3,533,5.5,0.0,0.0,0,2.4,17.6,14.3,82.6,66.0,3.0,5.2,230.0,10.0,250.0,1454,1524,20200816,202008,816,2020,8,16,Sunday
2020-08-17,-0.002800000000000001,2.0,28.2,32.2,1602,26.1,459,6.1,0.0,0.0,0,5.8,43.0,18.44,77.9,61.0,2.3,4.1,290.0,7.1,320.0,1711,1657,20200817,202008,817,2020,8,17,Monday
2020-08-18,0.15040000000000006,2.8,27.5,31.9,1543,24.0,622,7.9,0.0,0.0,0,7.9,58.5,19.81,76.3,56.0,1.6,3.6,270.0,5.4,270.0,1728,1533,20200818,202008,818,2020,8,18,Tuesday
2020-08-19,0.23400000000000012,3.0,27.1,31.4,1548,23.6,514,7.8,0.0,0.0,0,9.4,69.6,22.54,76.8,61.0,2.0,4.4,290.0,7.6,290.0,1446,1427,20200819,202008,819,2020,8,19,Wednesday
2020-08-20,0.17159999999999997,3.0,27.7,31.7,1310,25.0,301,6.7,0.0,0.0,0,3.1,23.1,15.16,76.0,58.0,1.7,4.2,270.0,7.1,290.0,1913,1620,20200820,202008,820,2020,8,20,Thursday
2020-08-21,-0.03480000000000001,2.0,26.6,29.2,1630,25.2,543,4.0,2.5,2.1,1159,0.8,6.0,8.74,83.1,75.0,1.6,3.5,290.0,7.4,290.0,943,947,20200821,202008,821,2020,8,21,Friday
2020-08-22,0.33719999999999994,3.12,24.3,27.6,1207,21.7,2342,5.9,42.6,23.0,1211,0.6,4.5,7.56,87.4,78.0,2.1,5.5,340.0,8.4,90.0,1259,1259,20200822,202008,822,2020,8,22,Saturday
2020-08-23,0.05440000000000003,2.0,25.3,29.9,1555,21.5,45,8.4,0.0,0.0,0,6.8,51.1,18.72,78.4,59.0,1.9,3.9,250.0,6.2,250.0,1549,1552,20200823,202008,823,2020,8,23,Sunday
2020-08-25,-0.44120000000000004,1.0,29.9,34.5,1452,26.0,618,8.5,0.0,0.0,0,7.6,57.6,21.21,69.5,49.0,2.1,4.6,320.0,7.6,180.0,1456,1722,20200825,202008,825,2020,8,25,Tuesday
2020-08-26,-1.2292000000000003,1.0,30.2,34.5,1553,27.0,552,7.5,0.6,0.6,2225,7.5,56.8,19.68,68.3,53.0,3.4,6.5,70.0,13.9,70.0,2344,2352,20200826,202008,826,2020,8,26,Wednesday
2020-08-27,-1.3579999999999999,1.0,27.1,28.6,1611,25.6,736,3.0,8.7,4.2,632,0.5,3.8,5.5,84.6,70.0,3.6,7.0,110.0,15.6,140.0,535,510,20200827,202008,827,2020,8,27,Thursday
2020-08-28,-1.2016,1.0,27.3,29.7,1228,26.0,551,3.7,13.6,6.7,523,2.0,15.3,10.18,89.1,77.0,1.6,4.4,250.0,7.4,230.0,1418,1433,20200828,202008,828,2020,8,28,Friday
2020-08-29,-1.0759999999999996,1.0,26.8,29.0,1612,25.5,558,3.5,13.6,6.5,1052,1.7,13.0,8.7,90.1,77.0,1.3,4.0,160.0,7.4,160.0,1057,1100,20200829,202008,829,2020,8,29,Saturday
2020-08-30,-1.1504,1.0,26.8,30.6,1423,24.4,2348,6.2,42.5,32.5,144,2.4,18.3,12.89,88.8,74.0,2.1,4.8,50.0,8.1,50.0,2311,2253,20200830,202008,830,2020,8,30,Sunday
2020-08-31,-0.42,1.04,26.4,30.0,1610,23.8,107,6.2,0.0,0.0,0,1.9,14.6,12.25,77.9,67.0,2.8,4.3,50.0,8.2,110.0,1427,24,20200831,202008,831,2020,8,31,Monday
2020-09-01,-0.3772,1.04,26.6,29.5,1459,23.8,630,5.7,0.0,0.0,0,1.0,7.7,11.35,72.4,62.0,1.9,3.6,90.0,7.5,110.0,9,9,20200901,202009,901,2020,9,1,Tuesday
2020-09-02,-0.5363999999999999,1.0,24.3,26.4,2,22.6,2346,3.8,33.3,20.0,1736,0.0,0.0,3.34,91.3,79.0,2.3,4.0,50.0,7.6,50.0,1542,1543,20200902,202009,902,2020,9,2,Wednesday
2020-09-03,-0.91,1.0,22.7,25.6,1420,20.0,741,5.6,29.8,5.1,220,2.8,21.7,13.51,82.0,63.0,4.8,9.8,270.0,21.5,290.0,829,722,20200903,202009,903,2020,9,3,Thursday
2020-09-04,0.486,4.0,23.3,27.5,1541,19.9,325,7.6,0.0,0.0,0,10.1,78.3,21.21,63.9,39.0,2.7,5.6,200.0,9.7,180.0,358,405,20200904,202009,904,2020,9,4,Friday
2020-09-05,0.414,4.0,23.3,27.3,1529,19.2,615,8.1,0.0,0.0,0,3.3,25.8,14.49,66.6,53.0,2.0,3.5,110.0,5.8,110.0,1756,1838,20200905,202009,905,2020,9,5,Saturday
2020-09-06,-0.020000000000000004,2.0,21.7,24.4,1449,19.5,2252,4.9,6.4,4.1,2240,0.0,0.0,7.13,80.0,62.0,2.7,4.8,50.0,9.7,70.0,1952,1957,20200906,202009,906,2020,9,6,Sunday
2020-09-07,-1.0300000000000002,1.0,19.2,20.6,2352,17.5,751,3.1,61.0,8.4,1933,0.0,0.0,3.37,93.5,84.0,4.2,7.9,320.0,15.3,20.0,1109,1059,20200907,202009,907,2020,9,7,Monday
2020-09-08,0.4016000000000001,4.0,23.4,26.5,1419,20.6,1,5.9,0.0,0.0,0,9.5,74.8,21.87,71.5,50.0,4.2,7.0,250.0,15.4,250.0,731,734,20200908,202009,908,2020,9,8,Tuesday
2020-09-09,-0.3368,1.0,21.1,25.3,1258,19.0,1424,6.3,1.3,1.1,1331,3.1,24.4,12.29,83.4,65.0,2.1,7.6,320.0,13.1,320.0,1327,1332,20200909,202009,909,2020,9,9,Wednesday
2020-09-10,-0.0328,2.0,22.8,27.0,1537,18.8,623,8.2,3.9,3.5,431,9.0,71.4,19.17,75.8,49.0,2.0,4.2,180.0,7.3,180.0,1455,1501,20200910,202009,910,2020,9,10,Thursday
2020-09-11,0.09160000000000001,2.2,22.4,27.1,1219,19.2,2357,7.9,1.2,1.4,2330,4.5,35.7,12.87,72.6,47.0,2.8,4.9,50.0,9.7,110.0,1342,2045,20200911,202009,911,2020,9,11,Friday
2020-09-12,-0.23480000000000015,1.92,20.2,23.2,1541,18.1,232,5.1,5.7,1.8,121,0.0,0.0,7.34,83.8,74.0,2.0,3.9,50.0,8.0,70.0,229,230,20200912,202009,912,2020,9,12,Saturday
2020-09-13,0.48160000000000003,3.92,21.5,26.6,1542,16.7,618,9.9,0.0,0.0,0,9.8,78.4,20.53,70.4,52.0,1.9,3.5,320.0,6.1,340.0,1538,1507,20200913,202009,913,2020,9,13,Sunday
2020-09-14,0.4952,4.0,21.3,24.9,1236,17.6,622,7.3,0.0,0.0,0,5.7,45.6,13.86,79.3,62.0,1.8,4.3,290.0,7.4,290.0,1728,1732,20200914,202009,914,2020,9,14,Monday
2020-09-15,0.28200000000000014,3.0,23.0,27.7,1429,18.9,627,8.8,0.0,0.0,0,5.1,41.1,16.56,76.4,50.0,1.6,3.3,180.0,5.9,160.0,1346,1447,20200915,202009,915,2020,9,15,Tuesday
2020-09-16,-0.38160000000000005,1.0,22.5,24.9,1248,21.3,2327,3.6,0.3,0.2,0,0.3,2.4,6.21,79.9,70.0,1.9,3.4,200.0,6.1,180.0,1445,1451,20200916,202009,916,2020,9,16,Wednesday
2020-09-17,0.004399999999999999,2.0,21.3,23.6,1523,20.1,2333,3.5,0.0,0.0,0,0.7,5.6,9.35,70.3,47.0,2.1,3.7,290.0,6.3,320.0,1555,1603,20200917,202009,917,2020,9,17,Thursday
2020-09-18,0.4376,4.0,21.5,25.8,1444,18.1,705,7.7,0.0,0.0,0,9.8,79.7,21.24,62.0,35.0,2.8,6.0,230.0,12.4,230.0,1421,1423,20200918,202009,918,2020,9,18,Friday
2020-09-19,-0.04320000000000002,2.0,21.2,26.2,1436,17.6,2400,8.6,0.3,0.2,0,9.7,78.9,21.25,59.3,27.0,2.2,5.3,270.0,9.6,290.0,1640,1637,20200919,202009,919,2020,9,19,Saturday
2020-09-20,0.4976,4.0,19.7,24.9,1510,15.6,630,9.3,0.0,0.0,0,11.4,93.4,22.19,57.6,33.0,2.0,4.9,270.0,8.2,290.0,1440,1442,20200920,202009,920,2020,9,20,Sunday
2020-09-21,0.556,4.0,19.1,25.3,1449,13.6,609,11.7,0.0,0.0,0,9.6,78.7,19.54,56.1,33.0,1.7,2.9,160.0,5.3,160.0,1238,1239,20200921,202009,921,2020,9,21,Monday
2020-09-22,0.5736,4.0,20.2,25.6,1454,15.5,618,10.1,0.0,0.0,0,10.7,87.7,21.71,55.3,35.0,2.8,4.6,50.0,9.2,110.0,2102,2138,20200922,202009,922,2020,9,22,Tuesday
2020-09-23,0.2220000000000001,3.0,19.2,23.8,1359,15.2,521,8.6,0.0,0.0,0,7.2,59.5,16.99,59.9,50.0,3.3,5.3,50.0,9.5,50.0,1707,1344,20200923,202009,923,2020,9,23,Wednesday
2020-09-24,0.14519999999999994,3.0,20.6,25.4,1340,16.8,606,8.6,0.0,0.0,0,8.0,66.1,18.54,59.6,49.0,3.7,5.7,50.0,10.8,20.0,1223,1236,20200924,202009,924,2020,9,24,Thursday
2020-09-25,0.2651999999999999,3.0,20.1,25.4,1433,16.6,426,8.8,0.0,0.0,0,3.5,28.9,13.39,64.1,49.0,2.5,4.9,50.0,8.4,50.0,1553,1518,20200925,202009,925,2020,9,25,Friday
2020-09-26,0.25400000000000006,3.0,19.3,24.8,1458,14.8,537,10.0,0.0,0.0,0,8.0,66.7,15.92,62.5,45.0,2.4,6.2,50.0,10.5,20.0,1617,1619,20200926,202009,926,2020,9,26,Saturday
2020-09-27,0.5288,4.0,20.4,25.8,1340,14.9,640,10.9,0.0,0.0,0,9.8,81.7,18.7,63.3,43.0,2.0,3.9,320.0,5.6,320.0,1804,1808,20200927,202009,927,2020,9,27,Sunday
2020-09-28,0.58,4.0,20.7,26.5,1451,15.7,528,10.8,0.0,0.0,0,10.5,88.2,19.29,66.0,40.0,2.0,3.6,270.0,6.1,250.0,1454,1704,20200928,202009,928,2020,9,28,Monday
2020-09-29,0.4984,4.0,19.6,23.9,1623,15.3,626,8.6,0.0,0.0,0,6.3,52.9,14.84,67.6,43.0,1.9,4.3,290.0,6.8,250.0,1148,1216,20200929,202009,929,2020,9,29,Tuesday
2020-09-30,0.0015999999999999892,2.56,19.6,25.7,1358,16.2,647,9.5,38.3,34.0,1824,4.9,41.5,14.0,78.0,48.0,1.7,4.1,250.0,6.0,250.0,1849,1848,20200930,202009,930,2020,9,30,Wednesday
2020-10-01,0.2836000000000001,3.0,18.8,23.6,1445,15.6,620,8.0,0.0,0.0,0,2.5,21.2,10.89,74.9,58.0,2.1,4.7,230.0,8.7,200.0,1714,1705,20201001,202010,1001,2020,10,1,Thursday
2020-10-02,0.30159999999999987,3.0,19.2,21.9,1130,16.3,353,5.6,0.0,0.0,0,1.9,16.1,6.34,79.6,63.0,2.3,5.2,180.0,9.7,180.0,1030,1034,20201002,202010,1002,2020,10,2,Friday
2020-10-03,-0.03800000000000001,2.0,19.9,23.2,1230,18.3,2338,4.9,0.0,0.0,0,1.8,15.4,9.79,72.5,46.0,1.6,3.6,270.0,5.6,270.0,1518,1522,20201003,202010,1003,2020,10,3,Saturday
2020-10-04,-0.3355999999999998,1.0,16.6,21.8,1330,10.6,2350,11.2,0.0,0.0,0,4.3,36.8,12.36,65.1,42.0,2.8,7.2,320.0,13.7,320.0,1802,1803,20201004,202010,1004,2020,10,4,Sunday
2020-10-05,0.11520000000000005,2.48,13.3,18.4,1555,8.5,537,9.9,0.0,0.0,0,10.5,90.5,19.44,57.3,40.0,2.5,5.1,290.0,10.0,320.0,1524,1352,20201005,202010,1005,2020,10,5,Monday
2020-10-06,0.18800000000000006,3.0,14.2,19.7,1529,9.3,627,10.4,0.0,0.0,0,10.8,93.1,19.81,55.9,34.0,2.0,4.1,290.0,7.8,250.0,1124,1114,20201006,202010,1006,2020,10,6,Tuesday
2020-10-07,0.13320000000000004,2.96,16.0,22.0,1558,9.9,705,12.1,0.0,0.0,0,8.9,76.7,16.99,48.9,24.0,1.9,3.4,50.0,7.1,160.0,1350,1359,20201007,202010,1007,2020,10,7,Wednesday
2020-10-08,0.38160000000000005,4.0,17.2,23.1,1511,12.1,621,11.0,0.0,0.0,0,10.8,93.9,19.27,53.0,35.0,3.1,5.4,50.0,9.7,50.0,1723,1729,20201008,202010,1008,2020,10,8,Thursday
2020-10-09,0.13959999999999995,3.0,17.2,23.3,1508,12.4,527,10.9,0.0,0.0,0,10.6,92.2,18.55,53.4,42.0,3.0,5.2,50.0,9.5,110.0,1240,1518,20201009,202010,1009,2020,10,9,Friday
2020-10-10,0.2999999999999999,3.0,16.9,21.5,1344,12.3,543,9.2,0.0,0.0,0,7.6,66.7,15.28,60.1,41.0,2.0,3.8,20.0,6.8,110.0,920,1116,20201010,202010,1010,2020,10,10,Saturday
2020-10-11,0.3624,3.56,16.9,20.8,1155,12.7,634,8.1,0.0,0.0,0,4.9,43.0,11.45,68.5,52.0,1.8,4.1,50.0,6.6,50.0,238,244,20201011,202010,1011,2020,10,11,Sunday
2020-10-12,0.02800000000000001,2.0,16.2,21.3,1411,12.1,2356,9.2,0.0,0.0,0,7.5,65.8,13.59,68.6,48.0,2.2,4.6,250.0,7.5,200.0,1523,1544,20201012,202010,1012,2020,10,12,Monday
2020-10-13,0.19320000000000004,3.0,13.6,18.4,1459,8.6,627,9.8,0.0,0.0,0,7.1,62.8,14.16,52.3,30.0,2.2,4.7,270.0,8.0,320.0,1315,1319,20201013,202010,1013,2020,10,13,Tuesday
2020-10-14,-0.14600000000000005,2.0,12.8,18.0,1327,8.5,2400,9.5,0.0,0.0,0,5.8,51.3,12.19,47.0,20.0,2.4,5.8,270.0,9.4,250.0,1413,1500,20201014,202010,1014,2020,10,14,Wednesday
2020-10-15,0.15400000000000008,2.96,11.7,18.5,1433,6.5,644,12.0,0.0,0.0,0,7.2,63.7,14.48,41.8,27.0,1.5,3.7,270.0,5.5,290.0,39,47,20201015,202010,1015,2020,10,15,Thursday
2020-10-16,-0.06560000000000002,2.0,11.8,15.4,1425,8.6,615,6.8,0.0,0.0,0,0.0,0.0,5.28,64.3,48.0,1.5,2.5,50.0,3.9,290.0,1328,754,20201016,202010,1016,2020,10,16,Friday
2020-10-17,0.20160000000000008,3.0,13.1,18.6,1508,8.7,702,9.9,0.0,0.0,0,10.1,90.2,17.65,64.3,26.0,1.8,4.3,270.0,7.2,250.0,1528,1353,20201017,202010,1017,2020,10,17,Saturday
2020-10-18,0.31679999999999997,3.12,13.6,20.2,1352,7.2,630,13.0,0.0,0.0,0,9.7,87.4,15.96,65.5,40.0,2.0,3.9,290.0,7.1,270.0,1507,1529,20201018,202010,1018,2020,10,18,Sunday
2020-10-19,0.4104,4.0,15.1,21.3,1440,9.8,700,11.5,0.0,0.0,0,9.8,88.3,15.27,74.4,38.0,1.7,3.4,250.0,6.0,250.0,1522,1655,20201019,202010,1019,2020,10,19,Monday
2020-10-20,0.4192,4.0,15.2,21.7,1413,9.9,647,11.8,0.0,0.0,0,10.0,90.1,15.67,67.1,38.0,1.6,3.1,250.0,4.9,290.0,1434,1438,20201020,202010,1020,2020,10,20,Tuesday
2020-10-21,-0.03480000000000001,2.0,14.1,17.3,1529,11.8,301,5.5,0.0,0.0,0,0.1,0.9,4.72,69.4,58.0,1.9,3.8,160.0,6.2,180.0,1504,1511,20201021,202010,1021,2020,10,21,Wednesday
2020-10-22,0.04800000000000002,2.0,13.5,18.2,1451,8.4,2344,9.8,0.0,0.0,0,5.4,49.1,11.01,66.0,40.0,2.8,5.7,320.0,10.4,340.0,2020,2028,20201022,202010,1022,2020,10,22,Thursday
2020-10-23,-0.06040000000000004,2.0,8.6,13.3,1515,5.4,713,7.9,0.0,0.0,0,9.9,90.8,17.01,51.5,34.0,3.0,5.5,290.0,10.0,270.0,1337,1321,20201023,202010,1023,2020,10,23,Friday
2020-10-24,-0.014800000000000006,2.0,8.7,14.0,1538,3.2,705,10.8,0.0,0.0,0,9.9,90.8,16.65,47.6,27.0,2.5,5.9,290.0,11.0,290.0,1242,1212,20201024,202010,1024,2020,10,24,Saturday
2020-10-25,0.07200000000000002,2.2,11.8,18.2,1345,5.4,708,12.8,0.0,0.0,0,8.8,80.7,13.83,62.5,29.0,1.7,3.8,250.0,6.3,250.0,1123,1318,20201025,202010,1025,2020,10,25,Sunday
2020-10-26,0.20959999999999998,3.0,12.9,19.0,1354,8.0,618,11.0,0.0,0.0,0,9.2,85.2,13.69,71.6,42.0,1.6,4.4,320.0,6.7,290.0,1409,1417,20201026,202010,1026,2020,10,26,Monday
2020-10-27,0.3256,3.12,14.0,19.4,1431,9.0,653,10.4,0.0,0.0,0,8.3,76.9,12.23,74.1,39.0,1.8,3.4,320.0,5.7,290.0,1411,1516,20201027,202010,1027,2020,10,27,Tuesday
2020-10-28,0.04600000000000002,2.0,13.8,18.2,1442,8.6,2359,9.6,0.0,0.0,0,9.2,85.2,15.27,52.1,23.0,2.5,4.8,270.0,9.1,320.0,1449,1507,20201028,202010,1028,2020,10,28,Wednesday
2020-10-29,0.0092,2.0,10.8,16.1,1328,5.5,703,10.6,0.0,0.0,0,9.0,84.1,13.77,40.3,24.0,2.0,4.5,320.0,7.2,340.0,112,104,20201029,202010,1029,2020,10,29,Thursday
2020-10-30,0.2016000000000001,3.0,11.9,19.6,1512,5.8,731,13.8,0.0,0.0,0,9.7,90.7,14.62,42.9,22.0,1.5,3.2,90.0,5.6,110.0,1053,1101,20201030,202010,1030,2020,10,30,Friday
2020-10-31,-0.17039999999999997,1.6,13.6,18.2,1431,8.5,649,9.7,0.0,0.0,0,5.8,54.2,11.03,60.3,51.0,2.6,5.0,230.0,10.2,200.0,1408,1414,20201031,202010,1031,2020,10,31,Saturday
2020-11-01,-0.6520000000000001,1.0,13.7,15.0,1,11.6,2359,3.4,13.6,0.0,0,0.0,0.0,1.61,84.3,56.0,2.3,4.5,200.0,10.8,160.0,909,808,20201101,202011,1101,2020,11,1,Sunday
2020-11-02,0.0972,2.44,10.8,15.6,1432,7.9,701,7.7,1.7,0.0,0,9.6,90.6,14.6,58.3,24.0,2.3,4.9,250.0,8.7,290.0,1452,1455,20201102,202011,1102,2020,11,2,Monday
2020-11-03,-0.1232,2.0,5.1,8.6,1,2.7,623,5.9,0.5,0.0,0,9.2,86.8,15.22,47.5,33.0,3.5,8.4,290.0,15.6,290.0,1155,1156,20201103,202011,1103,2020,11,3,Tuesday
2020-11-04,0.03480000000000001,2.0,4.9,10.8,1602,0.2,714,10.6,0.0,0.0,0,9.6,91.4,15.36,43.9,20.0,2.3,4.2,290.0,7.4,250.0,27,1045,20201104,202011,1104,2020,11,4,Wednesday
2020-11-05,-0.0268,2.0,9.6,15.9,1541,3.4,657,12.5,0.0,0.0,0,8.4,80.0,12.77,61.5,41.0,1.8,3.0,180.0,4.5,50.0,757,1415,20201105,202011,1105,2020,11,5,Thursday
2020-11-06,-0.3035999999999999,1.0,13.5,17.2,1445,9.9,657,7.3,0.0,0.0,0,0.3,2.9,5.65,63.3,49.0,1.7,3.3,200.0,5.3,180.0,1501,1525,20201106,202011,1106,2020,11,6,Friday
2020-11-07,0.14240000000000008,3.0,14.6,18.1,1433,12.2,2312,5.9,0.1,0.0,0,7.0,67.3,11.01,68.8,38.0,2.7,4.9,270.0,10.1,250.0,1539,1539,20201107,202011,1107,2020,11,7,Saturday
2020-11-08,-0.054000000000000006,2.0,8.5,12.4,26,3.1,2359,9.3,0.0,0.0,0,9.5,91.3,14.66,43.8,18.0,3.1,6.2,320.0,12.0,340.0,1948,1950,20201108,202011,1108,2020,11,8,Sunday
2020-11-09,-0.0964,2.0,5.5,8.9,1258,0.7,708,8.2,0.0,0.0,0,6.0,58.3,10.48,40.9,23.0,1.8,4.0,290.0,6.9,290.0,1050,1046,20201109,202011,1109,2020,11,9,Monday
2020-11-10,0.06520000000000004,2.24,7.7,12.9,1505,3.5,649,9.4,0.0,0.0,0,9.6,93.2,13.61,56.1,34.0,2.2,5.0,290.0,8.0,250.0,1550,1231,20201110,202011,1110,2020,11,10,Tuesday
2020-11-11,0.114,3.0,9.3,16.5,1448,3.5,718,13.0,0.0,0.0,0,9.6,93.2,12.96,53.5,31.0,1.6,2.6,180.0,4.1,180.0,1452,1458,20201111,202011,1111,2020,11,11,Wednesday
2020-11-12,0.1204,2.56,10.4,17.7,1331,4.6,704,13.1,0.0,0.0,0,9.4,91.3,12.27,56.9,30.0,1.7,3.4,200.0,6.2,180.0,1348,1353,20201112,202011,1112,2020,11,12,Thursday
2020-11-13,-0.05600000000000002,2.0,12.2,17.6,1444,8.5,613,9.1,0.0,0.0,0,5.5,53.9,8.92,71.5,44.0,1.6,3.0,250.0,4.9,200.0,1418,1421,20201113,202011,1113,2020,11,13,Friday
2020-11-14,0.15120000000000006,3.0,12.5,19.3,1459,6.8,725,12.5,0.0,0.0,0,8.0,78.4,11.58,66.9,38.0,1.7,4.0,110.0,6.7,110.0,1227,1248,20201114,202011,1114,2020,11,14,Saturday
2020-11-15,-0.22,2.0,11.1,14.9,1519,8.2,709,6.7,0.0,0.0,0,6.8,66.7,9.52,75.0,61.0,1.7,3.7,290.0,6.2,290.0,1424,1143,20201115,202011,1115,2020,11,15,Sunday
2020-11-16,0.24040000000000014,3.0,12.4,18.3,1438,7.5,733,10.8,0.0,0.0,0,8.4,83.2,10.76,70.1,45.0,1.6,4.1,50.0,6.2,70.0,2222,2304,20201116,202011,1116,2020,11,16,Monday
2020-11-17,-0.18000000000000005,2.0,15.9,20.0,1413,11.7,429,8.3,0.1,0.0,0,1.3,12.9,5.7,67.5,52.0,2.3,4.5,50.0,6.9,50.0,126,108,20201117,202011,1117,2020,11,17,Tuesday
2020-11-18,-0.31239999999999996,1.12,16.6,18.7,1439,14.8,235,3.9,12.2,0.0,0,0.0,0.0,2.63,91.4,77.0,2.6,3.6,50.0,6.0,20.0,1159,1050,20201118,202011,1118,2020,11,18,Wednesday
2020-11-19,-0.9067999999999999,1.0,13.6,19.1,255,6.9,2343,12.2,86.9,0.0,0,0.0,0.0,0.96,90.5,78.0,4.2,7.3,230.0,13.4,180.0,516,834,20201119,202011,1119,2020,11,19,Thursday
2020-11-20,-0.342,1.0,2.8,7.0,1,0.3,2356,6.7,0.0,0.0,0,0.0,0.0,2.74,74.3,68.0,3.2,5.6,270.0,9.7,320.0,211,231,20201120,202011,1120,2020,11,20,Friday
2020-11-21,-0.33719999999999994,1.0,6.5,12.8,1428,-0.3,252,13.1,0.2,0.0,0,6.6,66.0,10.52,67.9,48.0,2.1,4.8,50.0,8.1,90.0,1227,450,20201121,202011,1121,2020,11,21,Saturday
2020-11-22,-0.6892,1.0,5.6,9.1,1,1.5,2349,7.6,4.8,0.0,0,0.4,4.0,3.61,80.5,66.0,2.5,5.7,290.0,9.5,290.0,1822,1823,20201122,202011,1122,2020,11,22,Sunday
2020-11-23,-0.06560000000000003,2.0,1.7,5.9,1546,-1.5,738,7.4,0.0,0.0,0,9.2,92.0,12.35,61.4,36.0,2.3,4.9,320.0,8.0,320.0,245,241,20201123,202011,1123,2020,11,23,Monday
2020-11-24,-0.42119999999999996,1.0,2.9,6.4,1627,0.2,113,6.2,0.0,0.0,0,1.3,13.1,6.33,54.5,39.0,1.8,3.8,290.0,5.3,290.0,1918,1920,20201124,202011,1124,2020,11,24,Tuesday
2020-11-25,-0.3659999999999999,1.0,4.6,9.5,1349,0.0,732,9.5,0.0,0.0,0,4.6,46.5,8.32,64.1,45.0,1.5,3.0,290.0,4.9,290.0,1257,1323,20201125,202011,1125,2020,11,25,Wednesday
2020-11-26,-0.06480000000000001,2.0,5.6,10.9,1435,1.9,802,9.0,0.0,0.0,0,6.6,66.7,9.8,66.5,42.0,1.7,3.6,340.0,6.3,320.0,1813,407,20201126,202011,1126,2020,11,26,Thursday
2020-11-27,-0.3571999999999999,1.0,4.1,7.7,1310,0.6,2348,7.1,0.0,0.0,0,5.0,50.5,8.52,61.6,44.0,2.7,5.3,250.0,9.0,270.0,1437,1218,20201127,202011,1127,2020,11,27,Friday
2020-11-28,-0.13920000000000007,2.0,-0.1,2.8,1445,-2.3,734,5.1,0.0,0.0,0,9.0,91.8,11.89,50.0,30.0,2.8,5.3,290.0,8.7,290.0,1258,1304,20201128,202011,1128,2020,11,28,Saturday
2020-11-29,-0.35519999999999996,1.12,-0.6,2.6,1356,-3.6,613,6.2,0.0,0.0,0,1.5,15.3,5.61,59.6,52.0,2.2,4.5,290.0,7.4,290.0,1923,1426,20201129,202011,1129,2020,11,29,Sunday
2020-11-30,-0.12200000000000005,2.0,-0.2,4.3,1454,-3.6,609,7.9,0.0,0.0,0,9.1,92.9,11.55,57.8,38.0,1.9,4.6,290.0,6.6,250.0,1324,1301,20201130,202011,1130,2020,11,30,Monday
2020-12-01,-0.3020000000000001,1.4,1.1,6.7,1358,-3.6,729,10.3,0.0,0.0,0,7.3,74.5,10.69,44.5,24.0,1.9,4.0,250.0,6.1,250.0,1449,1415,20201201,202012,1201,2020,12,1,Tuesday
2020-12-02,-0.5383999999999998,1.0,2.4,6.1,1431,0.5,2337,5.6,0.0,0.0,0,3.4,34.7,6.38,41.4,25.0,1.8,3.9,290.0,5.6,290.0,1500,1506,20201202,202012,1202,2020,12,2,Wednesday
2020-12-03,-0.19599999999999998,1.8,0.7,4.2,1359,-2.3,2350,6.5,0.0,0.0,0,9.1,93.8,11.52,47.1,36.0,2.7,4.9,320.0,8.3,250.0,1553,2055,20201203,202012,1203,2020,12,3,Thursday
2020-12-04,-0.05000000000000002,2.0,-0.6,4.4,1518,-4.6,701,9.0,0.0,0.0,0,9.0,92.8,11.62,53.8,30.0,1.8,4.3,250.0,6.8,270.0,1532,1535,20201204,202012,1204,2020,12,4,Friday
2020-12-05,-0.434,1.0,2.1,6.6,1207,-2.2,724,8.8,0.0,0.0,0,5.1,52.6,8.18,63.1,51.0,1.7,3.9,320.0,6.3,290.0,1258,1234,20201205,202012,1205,2020,12,5,Saturday
2020-12-06,-0.22,2.0,4.5,9.1,1349,1.2,750,7.9,0.0,0.0,0,6.0,61.9,8.37,66.9,46.0,1.8,4.3,270.0,7.7,270.0,1505,1507,20201206,202012,1206,2020,12,6,Sunday
2020-12-07,-0.5164,1.0,3.4,6.3,1253,-0.7,2354,7.0,0.0,0.0,0,7.4,76.3,8.93,57.5,37.0,2.6,5.6,290.0,10.2,340.0,1555,1314,20201207,202012,1207,2020,12,7,Monday
2020-12-08,-0.10200000000000004,2.0,-0.5,4.1,1408,-3.5,540,7.6,0.0,0.0,0,8.7,89.7,11.4,50.0,28.0,2.0,3.9,320.0,6.3,320.0,132,820,20201208,202012,1208,2020,12,8,Tuesday
2020-12-09,-0.26999999999999985,1.0,1.5,6.2,1346,-4.1,654,10.3,0.0,0.0,0,5.9,60.8,8.48,55.1,35.0,1.5,3.0,50.0,4.6,50.0,833,842,20201209,202012,1209,2020,12,9,Wednesday
2020-12-10,-0.5563999999999999,1.0,5.8,9.3,1500,3.2,756,6.1,0.0,0.0,0,1.1,11.5,4.74,69.9,57.0,1.7,3.5,250.0,6.5,180.0,1505,1451,20201210,202012,1210,2020,12,10,Thursday
2020-12-11,-0.2676,1.72,5.3,9.4,1342,2.6,712,6.8,0.0,0.0,0,2.4,25.0,5.85,77.1,57.0,1.8,4.5,250.0,7.7,270.0,1652,1549,20201211,202012,1211,2020,12,11,Friday
2020-12-12,-0.10200000000000001,2.0,2.3,6.1,1432,-0.3,629,6.4,0.0,0.0,0,8.6,89.6,10.22,51.3,32.0,2.1,4.8,290.0,8.7,290.0,1451,1457,20201212,202012,1212,2020,12,12,Saturday
2020-12-13,-0.9800000000000003,1.0,-1.1,2.0,229,-6.0,2350,8.0,2.9,0.0,0,1.1,11.5,1.9,74.9,52.0,2.9,6.1,290.0,11.4,290.0,1930,1833,20201213,202012,1213,2020,12,13,Sunday
2020-12-14,-0.46520000000000006,1.0,-7.7,-5.0,1454,-9.7,742,4.7,0.0,0.0,0,8.9,92.7,11.44,49.1,31.0,3.4,5.3,290.0,9.8,320.0,1418,1410,20201214,202012,1214,2020,12,14,Monday
2020-12-15,-0.46360000000000007,1.0,-8.3,-4.6,1524,-11.1,756,6.5,0.0,0.0,0,9.0,93.8,11.61,43.0,28.0,2.8,5.2,320.0,9.1,320.0,1455,1450,20201215,202012,1215,2020,12,15,Tuesday
2020-12-16,-0.46680000000000005,1.0,-8.3,-3.9,1526,-11.2,559,7.3,0.0,0.0,0,9.0,93.8,11.44,43.9,29.0,2.6,4.6,290.0,8.3,290.0,1324,1406,20201216,202012,1216,2020,12,16,Wednesday
2020-12-17,-0.3379999999999999,1.0,-4.9,0.8,1531,-11.1,454,11.9,0.0,0.0,0,9.0,93.8,11.15,47.0,24.0,1.7,3.7,290.0,5.6,320.0,1149,1151,20201217,202012,1217,2020,12,17,Thursday
2020-12-18,-0.5340000000000003,1.0,-2.1,1.8,1425,-6.4,2343,8.2,0.2,0.0,0,5.5,57.3,8.45,57.0,34.0,3.0,5.4,320.0,9.9,340.0,2030,2034,20201218,202012,1218,2020,12,18,Friday
2020-12-19,-0.3256,1.12,-5.1,-1.2,1540,-9.6,728,8.4,0.0,0.0,0,9.0,93.8,11.27,45.1,26.0,2.4,5.1,290.0,9.3,320.0,1413,1422,20201219,202012,1219,2020,12,19,Saturday
2020-12-20,-0.22080000000000005,2.0,-3.7,1.1,1549,-8.2,714,9.3,0.0,0.0,0,9.1,94.8,11.0,50.4,29.0,2.0,4.4,290.0,7.6,320.0,1302,1303,20201220,202012,1220,2020,12,20,Sunday
2020-12-21,-0.344,1.04,-1.0,4.7,1500,-6.0,738,10.7,0.0,0.0,0,8.8,91.7,9.99,64.1,40.0,1.6,3.7,250.0,6.7,340.0,1347,1444,20201221,202012,1221,2020,12,21,Monday
2020-12-22,-0.13439999999999996,1.96,2.0,7.2,1444,-2.5,219,9.7,0.0,0.0,0,5.2,54.2,7.83,67.6,42.0,2.0,4.7,270.0,9.3,250.0,1500,1326,20201222,202012,1222,2020,12,22,Tuesday
2020-12-23,-0.4796000000000001,1.0,4.5,8.5,1441,-0.4,440,8.9,0.0,0.0,0,1.7,17.7,4.6,76.6,62.0,2.3,5.1,230.0,9.1,230.0,1537,1527,20201223,202012,1223,2020,12,23,Wednesday
2020-12-24,-0.18000000000000005,2.0,2.6,6.1,108,-2.0,2340,8.1,0.0,0.0,0,7.9,82.3,9.82,61.5,35.0,2.9,6.5,290.0,11.7,290.0,1321,1311,20201224,202012,1224,2020,12,24,Thursday
2020-12-25,-0.12000000000000006,2.0,-0.8,3.5,1420,-4.7,755,8.2,0.0,0.0,0,9.0,93.8,10.88,51.9,34.0,2.1,4.7,290.0,9.1,270.0,1407,1456,20201225,202012,1225,2020,12,25,Friday
2020-12-26,-0.05960000000000001,2.0,2.2,8.0,1443,-2.1,404,10.1,0.0,0.0,0,8.2,85.4,8.99,65.8,49.0,1.8,3.9,270.0,6.7,250.0,1417,1422,20201226,202012,1226,2020,12,26,Saturday
2020-12-27,-0.4371999999999999,1.0,5.8,10.0,1412,1.4,1,8.6,0.0,0.0,0,5.9,61.5,8.12,62.9,48.0,1.8,2.8,50.0,5.0,70.0,1429,833,20201227,202012,1227,2020,12,27,Sunday
2020-12-28,-0.2132,2.0,6.7,11.4,1344,4.2,826,7.2,1.3,0.0,0,8.0,83.3,9.12,72.1,45.0,1.4,3.1,290.0,5.9,270.0,1840,1738,20201228,202012,1228,2020,12,28,Monday
2020-12-29,-0.7899999999999996,1.0,0.1,4.3,6,-6.2,2356,10.5,0.2,0.0,0,0.0,0.0,1.98,70.8,40.0,2.9,6.1,320.0,10.2,290.0,2034,2046,20201229,202012,1229,2020,12,29,Tuesday
2020-12-30,-0.6199999999999997,1.0,-10.9,-6.2,1,-12.9,2222,6.7,0.0,0.0,0,8.3,86.5,11.36,55.5,41.0,4.1,6.2,270.0,10.6,290.0,1021,34,20201230,202012,1230,2020,12,30,Wednesday
2020-12-31,-0.7587999999999999,1.0,-8.9,-5.0,1512,-12.9,116,7.9,0.0,0.0,0,6.0,62.5,9.06,53.9,42.0,2.4,4.2,250.0,7.4,320.0,1406,1452,20201231,202012,1231,2020,12,31,Thursday
2021-01-01,-0.6408,1.0,-4.2,1.6,1447,-9.8,511,11.4,0.0,0.0,0,6.5,67.7,9.54,64.0,50.0,2.0,4.1,270.0,7.7,270.0,1530,1532,20210101,202101,101,2021,1,1,Friday
2021-01-02,-0.3791999999999999,1.0,-5.0,-1.4,1346,-8.4,805,7.0,0.0,0.0,0,9.0,93.8,11.34,38.5,29.0,2.6,5.4,320.0,9.9,290.0,1436,1413,20210102,202101,102,2021,1,2,Saturday
2021-01-03,-0.25080000000000013,1.88,-5.6,-2.0,1238,-9.1,536,7.1,0.0,0.0,0,5.5,56.7,8.8,45.0,28.0,2.0,4.5,270.0,8.5,320.0,1358,1345,20210103,202101,103,2021,1,3,Sunday
2021-01-04,-0.5199999999999997,1.0,-3.5,0.3,1535,-8.4,656,8.7,0.0,0.0,0,4.6,47.4,7.44,51.4,38.0,1.7,3.2,50.0,5.6,70.0,1200,609,20210104,202101,104,2021,1,4,Monday
2021-01-05,-0.4092,1.0,-5.5,-2.1,1,-9.9,2356,7.8,0.0,0.0,0,8.6,88.7,10.46,52.8,30.0,2.9,5.7,290.0,9.9,340.0,1105,1131,20210105,202101,105,2021,1,5,Tuesday
2021-01-06,-0.4700000000000001,1.0,-7.4,-1.9,1547,-12.0,702,10.1,2.3,0.0,0,9.1,93.8,11.78,54.6,24.0,2.4,8.1,290.0,15.9,290.0,2348,2351,20210106,202101,106,2021,1,6,Wednesday
2021-01-08,-0.6687999999999998,1.0,-14.9,-10.7,1450,-18.6,812,7.9,0.0,0.0,0,9.2,94.8,12.38,44.0,35.0,3.3,6.1,290.0,10.9,270.0,1518,1601,20210108,202101,108,2021,1,8,Friday
2021-01-09,-0.6364000000000002,1.0,-12.2,-7.5,1602,-16.6,614,9.1,0.0,0.0,0,9.0,92.8,11.59,46.3,35.0,2.6,6.5,290.0,11.4,270.0,1644,1628,20210109,202101,109,2021,1,9,Saturday
2021-01-10,-0.7484000000000001,1.0,-7.7,-2.7,1406,-12.8,538,10.1,0.0,0.0,0,6.2,63.3,9.84,54.4,37.0,1.3,2.6,50.0,4.2,160.0,1409,1110,20210110,202101,110,2021,1,10,Sunday
2021-01-11,-0.5055999999999997,1.0,-6.7,-4.0,1452,-9.6,502,5.6,0.0,0.0,0,0.0,0.0,4.47,62.1,50.0,1.9,3.5,290.0,5.4,50.0,1122,209,20210111,202101,111,2021,1,11,Monday
2021-01-12,-0.7220000000000003,1.0,-3.9,-0.5,1417,-9.3,657,8.8,2.6,0.0,0,3.6,36.7,6.13,79.5,61.0,1.8,3.4,50.0,4.9,50.0,1207,908,20210112,202101,112,2021,1,12,Tuesday
2021-01-13,-0.16839999999999997,2.0,2.0,8.3,1458,-3.0,430,11.3,0.0,0.0,0,6.1,62.2,8.27,80.3,63.0,2.4,4.9,230.0,9.0,200.0,1552,1542,20210113,202101,113,2021,1,13,Wednesday
2021-01-14,-0.12000000000000006,2.0,1.7,7.0,1506,-3.6,749,10.6,0.0,0.0,0,8.0,81.6,10.21,46.5,26.0,2.3,3.9,70.0,6.5,70.0,1353,1357,20210114,202101,114,2021,1,14,Thursday
2021-01-15,-0.8247999999999996,1.0,4.5,9.9,1303,-0.7,2357,10.6,0.2,0.0,0,0.0,0.0,2.11,67.4,42.0,3.0,5.8,230.0,10.6,250.0,1459,1503,20210115,202101,115,2021,1,15,Friday
2021-01-16,-0.4308000000000001,1.0,-4.9,-0.7,1,-8.7,2349,8.0,0.0,0.0,0,8.9,89.9,11.86,59.3,34.0,3.3,5.2,250.0,9.2,250.0,1510,1519,20210116,202101,116,2021,1,16,Saturday
2021-01-17,-0.5476000000000001,1.0,-5.5,-1.3,1516,-10.8,800,9.5,0.0,0.0,0,7.0,70.7,10.83,58.5,29.0,2.3,4.0,230.0,6.7,230.0,1634,1612,20210117,202101,117,2021,1,17,Sunday
2021-01-18,-0.87,1.0,-3.8,0.2,1325,-9.1,2356,9.3,0.3,0.0,0,2.5,25.3,4.54,64.3,30.0,3.2,8.6,290.0,14.6,270.0,1758,1607,20210118,202101,118,2021,1,18,Monday
2021-01-19,-0.27959999999999985,1.0,-6.3,-0.2,1537,-11.6,753,11.4,0.0,0.0,0,9.2,92.0,12.48,37.9,19.0,1.8,4.7,320.0,7.9,320.0,130,134,20210119,202101,119,2021,1,19,Tuesday
2021-01-20,-0.12000000000000006,2.0,-0.1,7.1,1559,-6.6,513,13.7,0.0,0.0,0,8.9,89.0,11.92,37.8,24.0,2.2,4.3,50.0,6.6,70.0,939,736,20210120,202101,120,2021,1,20,Wednesday
2021-01-21,-0.5700000000000002,1.0,4.5,7.0,1337,2.5,1,4.5,9.2,0.0,0,0.0,0.0,2.77,64.4,36.0,2.3,3.8,50.0,5.3,50.0,801,758,20210121,202101,121,2021,1,21,Thursday
2021-01-22,-0.39799999999999996,1.0,5.5,6.6,1356,4.8,5,1.8,0.1,0.0,0,0.0,0.0,2.34,92.9,89.0,1.7,3.2,70.0,4.9,70.0,2103,2116,20210122,202101,122,2021,1,22,Friday
2021-01-23,-0.49,1.0,7.6,12.2,1504,4.8,12,7.4,0.0,0.0,0,5.3,52.5,9.72,66.0,49.0,4.2,5.8,70.0,9.9,50.0,1436,1210,20210123,202101,123,2021,1,23,Saturday
2021-01-24,0.049200000000000035,2.04,7.3,13.9,1510,2.4,758,11.5,0.0,0.0,0,8.2,81.2,12.4,63.9,43.0,2.1,4.7,70.0,7.2,20.0,1,6,20210124,202101,124,2021,1,24,Sunday
2021-01-25,-0.28120000000000017,1.48,7.9,13.9,1527,3.0,542,10.9,0.0,0.0,0,7.6,75.2,10.74,62.0,37.0,1.9,3.6,70.0,5.5,70.0,1407,1408,20210125,202101,125,2021,1,25,Monday
2021-01-26,-0.5003999999999998,1.0,5.3,7.4,1,1.7,2357,5.7,1.7,0.0,0,0.0,0.0,1.95,80.4,64.0,1.9,3.8,270.0,6.8,320.0,1926,1652,20210126,202101,126,2021,1,26,Tuesday
2021-01-27,-0.5331999999999998,1.0,1.7,6.5,1400,-1.8,759,8.3,0.0,0.0,0,8.4,82.4,12.4,47.6,20.0,2.2,5.2,360.0,9.0,20.0,1259,1303,20210127,202101,127,2021,1,27,Wednesday
2021-01-28,-1.2636000000000003,1.0,-2.6,1.4,940,-9.7,2352,11.1,2.0,0.0,0,2.3,22.5,6.14,52.3,35.0,4.0,8.7,250.0,17.5,270.0,1747,1405,20210128,202101,128,2021,1,28,Thursday
2021-01-29,-0.4851999999999999,1.0,-8.8,-4.9,1556,-11.6,556,6.7,0.0,0.0,0,9.6,93.2,14.42,40.0,29.0,3.5,7.3,270.0,13.7,250.0,30,8,20210129,202101,129,2021,1,29,Friday
2021-01-30,-0.4600000000000003,1.0,-1.6,5.2,1614,-8.1,1,13.3,0.5,0.0,0,6.4,62.1,10.46,60.0,39.0,2.5,4.8,290.0,8.1,320.0,1355,1357,20210130,202101,130,2021,1,30,Saturday
2021-01-31,-0.5099999999999999,1.0,3.2,8.7,1517,-3.8,542,12.5,0.0,0.0,0,6.7,65.0,10.92,57.0,35.0,2.0,4.4,50.0,7.0,50.0,754,755,20210131,202101,131,2021,1,31,Sunday
2021-02-01,-0.4467999999999999,1.0,5.0,9.5,1320,-2.3,2357,11.8,0.7,0.0,0,1.1,10.7,5.8,74.5,45.0,2.7,6.7,270.0,11.4,270.0,2324,2326,20210201,202102,201,2021,2,1,Monday
2021-02-02,-0.5367999999999998,1.0,-5.6,-2.4,1,-8.2,756,5.8,0.0,0.0,0,9.6,92.3,14.69,44.1,28.0,3.9,5.9,290.0,11.2,290.0,338,341,20210202,202102,202,2021,2,2,Tuesday
2021-02-03,-0.43400000000000005,1.0,-3.2,1.4,1337,-9.4,335,10.8,3.4,0.0,0,6.6,63.5,11.7,64.6,43.0,2.2,4.5,230.0,8.5,270.0,1340,1347,20210203,202102,203,2021,2,3,Wednesday
2021-02-04,-0.24000000000000013,2.0,-3.6,0.7,1554,-7.4,732,8.1,0.1,0.0,0,9.6,92.3,15.33,50.1,29.0,2.5,5.3,250.0,10.4,250.0,417,350,20210204,202102,204,2021,2,4,Thursday
2021-02-05,-0.3472,1.0,1.4,6.7,1532,-4.4,1,11.1,0.0,0.0,0,2.7,25.7,7.95,71.8,60.0,2.4,5.1,200.0,9.3,230.0,1501,1502,20210205,202102,205,2021,2,5,Friday
2021-02-06,-0.35400000000000015,1.2,6.8,9.5,1405,4.3,1,5.2,0.0,0.0,0,0.1,1.0,4.77,80.4,72.0,2.2,4.6,180.0,8.0,230.0,1541,1353,20210206,202102,206,2021,2,6,Saturday
2021-02-07,-0.17520000000000002,2.0,3.6,7.7,1441,-2.6,2352,10.3,0.0,0.0,0,6.0,57.1,11.38,67.0,29.0,2.9,5.3,250.0,9.4,290.0,1410,1706,20210207,202102,207,2021,2,7,Sunday
2021-02-08,-0.3600000000000001,1.0,-3.1,0.2,1517,-5.4,734,5.6,0.0,0.0,0,9.6,90.6,15.91,43.6,29.0,3.4,6.3,320.0,11.5,320.0,1551,1528,20210208,202102,208,2021,2,8,Monday
2021-02-09,-0.13280000000000006,2.0,-0.9,4.7,1551,-6.1,415,10.8,0.0,0.0,0,9.7,91.5,15.46,51.9,28.0,2.0,4.8,250.0,8.1,250.0,1450,1426,20210209,202102,209,2021,2,9,Tuesday
2021-02-10,-0.364,1.0,3.4,7.2,1509,-1.5,339,8.7,0.0,0.0,0,0.7,6.5,6.15,75.1,63.0,2.1,4.3,200.0,7.7,200.0,1632,1632,20210210,202102,210,2021,2,10,Wednesday
2021-02-11,0.030000000000000016,2.0,5.5,10.9,1606,1.3,615,9.6,0.0,0.0,0,5.2,48.6,11.22,71.5,47.0,1.3,3.1,90.0,4.9,110.0,1137,1143,20210211,202102,211,2021,2,11,Thursday
2021-02-12,0.06400000000000002,2.2,6.5,14.0,1507,0.6,722,13.4,0.0,0.0,0,9.2,86.0,14.72,60.6,29.0,1.7,3.4,250.0,5.9,250.0,1528,1909,20210212,202102,212,2021,2,12,Friday
2021-02-13,0.11,3.0,7.6,15.9,1444,1.0,758,14.9,0.0,0.0,0,9.3,86.1,14.36,50.6,24.0,1.5,3.8,290.0,6.1,290.0,1621,1625,20210213,202102,213,2021,2,13,Saturday
2021-02-14,-0.32279999999999986,1.0,9.5,13.8,1244,6.4,703,7.4,0.0,0.0,0,1.7,15.7,7.21,47.6,31.0,1.7,3.6,250.0,5.4,270.0,2354,2355,20210214,202102,214,2021,2,14,Sunday
2021-02-15,-0.6295999999999998,1.0,1.2,8.2,1,-5.2,2339,13.4,1.4,0.0,0,4.3,39.8,9.69,65.1,36.0,4.0,7.3,250.0,14.1,270.0,1419,1622,20210215,202102,215,2021,2,15,Monday
2021-02-16,-1.1183999999999998,1.0,-5.1,-1.3,1707,-7.0,2358,5.7,1.5,0.0,0,2.8,25.7,7.31,57.9,32.0,3.2,7.2,290.0,12.9,290.0,2257,2353,20210216,202102,216,2021,2,16,Tuesday
2021-02-17,-0.5843999999999999,1.0,-8.3,-5.2,1453,-10.4,719,5.2,0.0,0.0,0,9.8,89.9,17.28,44.1,32.0,5.0,7.5,270.0,15.8,270.0,1414,1417,20210217,202102,217,2021,2,17,Wednesday
2021-02-18,-0.2999999999999999,1.0,-5.8,-0.4,1631,-10.6,612,10.2,0.0,0.0,0,9.9,90.8,17.05,44.9,34.0,3.1,6.1,290.0,9.9,270.0,948,954,20210218,202102,218,2021,2,18,Thursday
2021-02-19,-0.22519999999999998,1.84,1.6,8.9,1553,-7.1,537,16.0,0.0,0.0,0,8.9,80.9,14.8,66.9,49.0,2.9,5.9,230.0,11.7,180.0,1557,1457,20210219,202102,219,2021,2,19,Friday
2021-02-20,0.0016,2.0,8.8,14.9,1545,5.5,1,9.4,0.0,0.0,0,7.8,70.9,15.25,60.4,25.0,2.1,3.9,200.0,6.5,180.0,4,5,20210220,202102,220,2021,2,20,Saturday
2021-02-21,-0.0372,2.0,10.8,17.4,1347,4.7,723,12.7,0.0,0.0,0,9.7,87.4,15.34,66.6,47.0,2.8,5.8,200.0,10.4,180.0,1607,1802,20210221,202102,221,2021,2,21,Sunday
2021-02-22,-0.07680000000000002,2.0,7.8,12.6,1220,0.4,2358,12.2,0.0,0.0,0,6.3,56.8,13.04,58.3,25.0,2.9,6.5,290.0,11.6,290.0,1537,2032,20210222,202102,222,2021,2,22,Monday
2021-02-23,-0.25999999999999984,1.0,0.0,4.3,1521,-3.1,733,7.4,0.0,0.0,0,10.0,90.1,17.53,34.0,21.0,2.9,5.3,290.0,8.5,290.0,1343,1343,20210223,202102,223,2021,2,23,Tuesday
2021-02-24,-0.24559999999999993,1.44,2.9,10.1,1517,-3.0,720,13.1,0.0,0.0,0,8.4,75.0,16.1,33.0,20.0,1.8,3.2,290.0,4.7,290.0,103,109,20210224,202102,224,2021,2,24,Wednesday
2021-02-25,-0.22,2.0,4.2,8.2,1527,0.7,406,7.5,0.0,0.0,0,0.0,0.0,5.22,35.1,25.0,1.4,2.8,50.0,4.2,20.0,1228,1035,20210225,202102,225,2021,2,25,Thursday
2021-02-26,-0.010000000000000002,2.0,8.2,15.8,1506,0.5,721,15.3,0.0,0.0,0,9.1,80.5,18.2,35.0,18.0,2.3,4.3,70.0,7.2,20.0,2015,1110,20210226,202102,226,2021,2,26,Friday
2021-02-27,-0.06120000000000001,2.0,9.5,16.2,1601,4.3,636,11.9,0.0,0.0,0,10.3,91.2,17.96,48.6,32.0,3.4,5.6,50.0,9.5,20.0,945,950,20210227,202102,227,2021,2,27,Saturday
2021-02-28,-0.16640000000000008,2.0,7.8,10.8,1607,3.2,717,7.6,0.0,0.0,0,2.6,23.0,7.13,49.0,38.0,2.1,4.3,70.0,6.8,70.0,235,242,20210228,202102,228,2021,2,28,Sunday
2021-03-01,-1.2199999999999995,1.0,4.7,9.0,1,0.5,2324,8.5,67.5,0.0,0,0.0,0.0,1.4,91.0,44.0,3.5,6.2,50.0,13.0,180.0,1706,1802,20210301,202103,301,2021,3,1,Monday
2021-03-02,-0.33,1.0,2.3,6.9,1543,0.2,352,6.7,0.1,0.0,0,4.7,41.2,12.9,75.9,45.0,1.9,4.0,340.0,6.4,290.0,1552,1712,20210302,202103,302,2021,3,2,Tuesday
2021-03-03,-0.030000000000000016,2.0,4.4,9.9,1627,-1.2,656,11.1,0.0,0.0,0,10.4,90.4,16.52,64.4,36.0,1.8,3.1,200.0,5.3,110.0,1258,1415,20210303,202103,303,2021,3,3,Wednesday
2021-03-04,-0.4052000000000001,1.0,7.2,13.0,1559,2.5,310,10.5,0.0,0.0,0,1.9,16.5,9.85,62.4,48.0,1.9,3.6,50.0,4.9,50.0,610,613,20210304,202103,304,2021,3,4,Thursday
2021-03-05,0.08600000000000003,2.6,9.0,16.2,1518,3.0,729,13.2,0.0,0.0,0,10.5,91.3,18.95,70.3,44.0,2.1,4.9,250.0,8.1,230.0,1618,1618,20210305,202103,305,2021,3,5,Friday
2021-03-06,-0.5324,1.0,6.6,11.6,1216,3.2,2357,8.4,0.0,0.0,0,3.6,31.0,12.71,69.5,49.0,3.3,6.2,50.0,10.5,50.0,1641,1426,20210306,202103,306,2021,3,6,Saturday
2021-03-07,-0.4292,1.0,6.2,12.2,1423,2.1,659,10.1,0.0,0.0,0,9.6,82.8,18.17,62.9,37.0,2.8,5.2,50.0,7.8,50.0,101,304,20210307,202103,307,2021,3,7,Sunday
2021-03-08,0.09080000000000002,2.68,7.0,13.9,1425,1.5,706,12.4,0.0,0.0,0,10.8,92.3,19.12,60.3,32.0,1.8,4.9,250.0,7.7,230.0,1639,1645,20210308,202103,308,2021,3,8,Monday
2021-03-09,-0.3812,1.0,6.6,12.2,1433,2.1,550,10.1,0.0,0.0,0,9.4,80.3,15.57,58.5,31.0,2.2,4.6,250.0,8.2,290.0,1641,1645,20210309,202103,309,2021,3,9,Tuesday
2021-03-10,0.06520000000000001,2.2,8.8,17.1,1539,1.7,704,15.4,0.0,0.0,0,10.2,87.2,19.1,61.8,28.0,1.8,3.7,270.0,5.8,70.0,1225,1842,20210310,202103,310,2021,3,10,Wednesday
2021-03-11,-0.1400000000000001,2.0,10.2,17.1,1436,4.7,720,12.4,0.0,0.0,0,7.9,66.9,16.6,50.8,22.0,1.8,4.5,250.0,7.3,270.0,1647,1654,20210311,202103,311,2021,3,11,Thursday
2021-03-12,-0.7284,1.0,10.5,14.9,1240,7.2,2353,7.7,0.0,0.0,0,0.1,0.8,7.41,57.0,39.0,2.2,4.8,70.0,8.4,110.0,1412,1400,20210312,202103,312,2021,3,12,Friday
2021-03-13,-0.36999999999999994,1.0,9.2,14.2,1436,4.6,650,9.6,0.0,0.0,0,6.0,50.8,14.87,62.8,42.0,2.2,4.4,270.0,7.6,250.0,1632,1617,20210313,202103,313,2021,3,13,Saturday
2021-03-14,0.030000000000000016,2.0,9.1,14.7,1541,4.9,701,9.8,0.0,0.0,0,8.2,68.9,17.99,71.4,48.0,2.2,3.9,250.0,6.8,230.0,1301,1302,20210314,202103,314,2021,3,14,Sunday
2021-03-15,-0.37920000000000004,1.12,10.6,15.7,1446,5.1,602,10.6,1.7,0.0,0,2.7,22.7,12.75,68.8,40.0,2.4,5.1,230.0,9.8,250.0,2058,2106,20210315,202103,315,2021,3,15,Monday
2021-03-16,-0.024400000000000005,2.0,8.4,13.1,1438,4.9,2356,8.2,1.3,0.0,0,10.6,88.3,21.13,52.5,26.0,3.2,5.3,270.0,9.9,270.0,46,52,20210316,202103,316,2021,3,16,Tuesday
2021-03-17,0.11120000000000002,2.84,8.8,17.5,1613,1.8,628,15.7,0.0,0.0,0,10.7,89.2,20.79,44.9,21.0,1.8,4.7,250.0,6.8,250.0,1713,1714,20210317,202103,317,2021,3,17,Wednesday
2021-03-18,-0.05600000000000002,2.12,11.7,18.4,1604,5.0,540,13.4,0.0,0.0,0,8.1,66.9,16.63,50.1,33.0,1.8,4.2,250.0,6.5,270.0,1647,1655,20210318,202103,318,2021,3,18,Thursday
2021-03-19,-0.027600000000000006,2.0,15.3,20.2,1510,11.4,640,8.8,0.0,0.0,0,8.8,72.7,19.09,47.9,32.0,2.2,4.3,290.0,7.5,140.0,923,1817,20210319,202103,319,2021,3,19,Friday
2021-03-20,-0.7023999999999999,1.0,9.9,14.7,1,7.4,2346,7.3,5.1,0.0,0,0.0,0.0,2.0,74.6,44.0,2.2,4.0,140.0,9.2,140.0,725,732,20210320,202103,320,2021,3,20,Saturday
2021-03-21,-0.37520000000000003,1.0,5.8,8.6,1427,3.1,2355,5.5,0.3,0.0,0,2.9,23.8,10.42,65.9,44.0,4.0,6.8,270.0,14.8,320.0,1750,2126,20210321,202103,321,2021,3,21,Sunday
2021-03-22,-0.08840000000000002,2.0,6.2,11.1,1349,1.1,653,10.0,0.0,0.0,0,11.1,91.0,22.58,55.3,26.0,3.2,6.9,230.0,12.4,200.0,1356,1534,20210322,202103,322,2021,3,22,Monday
2021-03-23,-0.07000000000000005,2.0,9.1,16.4,1418,2.5,518,13.9,0.0,0.0,0,10.3,83.7,20.89,63.5,35.0,2.5,5.7,200.0,12.1,270.0,1659,1437,20210323,202103,323,2021,3,23,Tuesday
2021-03-24,0.017200000000000007,2.0,10.8,16.9,1513,5.7,619,11.2,0.0,0.0,0,7.9,64.2,19.53,61.5,39.0,2.4,5.3,290.0,9.3,290.0,1646,1653,20210324,202103,324,2021,3,24,Wednesday
2021-03-25,0.15600000000000006,2.96,11.9,19.0,1405,6.8,2356,12.2,0.0,0.0,0,9.7,78.9,20.86,68.5,40.0,2.2,4.9,270.0,7.7,230.0,1525,1643,20210325,202103,325,2021,3,25,Thursday
2021-03-26,0.0432,2.08,12.6,20.6,1543,4.8,647,15.8,0.0,0.0,0,7.3,58.9,16.98,58.4,25.0,1.4,2.9,250.0,4.2,250.0,1,4,20210326,202103,326,2021,3,26,Friday
2021-03-27,-1.0744000000000007,1.0,12.1,15.0,1156,10.2,621,4.8,25.5,0.0,0,0.0,0.0,3.72,70.9,41.0,2.5,4.8,50.0,8.0,70.0,1558,1537,20210327,202103,327,2021,3,27,Saturday
2021-03-28,-0.7100000000000004,1.0,9.0,13.0,138,7.7,643,5.3,9.2,0.0,0,0.0,0.0,2.35,95.8,89.0,3.3,6.4,200.0,10.9,180.0,357,402,20210328,202103,328,2021,3,28,Sunday
2021-03-29,-0.08040000000000003,2.0,10.2,14.6,1342,7.3,2357,7.3,0.2,0.0,0,7.1,56.8,18.24,62.3,32.0,3.3,6.6,270.0,11.2,270.0,1538,1541,20210329,202103,329,2021,3,29,Monday
2021-03-30,0.1748,3.0,10.8,18.2,1548,4.1,623,14.1,0.0,0.0,0,11.1,88.8,24.53,47.3,21.0,2.2,5.1,250.0,8.1,290.0,1917,1827,20210330,202103,330,2021,3,30,Tuesday
2021-03-31,0.3232,3.12,14.5,22.9,1535,5.9,631,17.0,0.0,0.0,0,11.4,90.5,23.29,41.0,19.0,1.8,3.6,290.0,6.0,270.0,2126,2124,20210331,202103,331,2021,3,31,Wednesday
2021-04-01,0.22,3.0,17.7,24.0,1614,12.0,651,12.0,0.0,0.0,0,10.0,79.4,20.91,33.0,18.0,3.5,6.7,50.0,12.4,50.0,2159,2153,20210401,202104,401,2021,4,1,Thursday
2021-04-02,-0.11360000000000006,2.0,17.8,23.0,1506,12.5,408,10.5,0.0,0.0,0,3.4,26.8,15.37,35.6,25.0,3.2,6.4,50.0,10.9,50.0,12,13,20210402,202104,402,2021,4,2,Friday
2021-04-03,-0.9236,1.0,14.9,18.0,1,10.9,2353,7.1,56.2,11.5,1110,0.0,0.0,1.98,80.8,40.0,3.1,6.3,50.0,10.3,50.0,2159,2037,20210403,202104,403,2021,4,3,Saturday
2021-04-04,-0.36959999999999993,1.0,11.9,15.8,1337,9.0,2400,6.8,0.6,0.4,402,1.5,11.8,12.91,65.8,47.0,3.2,5.2,50.0,9.7,50.0,107,112,20210404,202104,404,2021,4,4,Sunday
2021-04-05,0.19800000000000006,3.0,11.9,19.3,1614,5.4,629,13.9,0.0,0.0,0,12.0,93.8,25.81,47.9,19.0,2.4,5.3,270.0,9.0,270.0,1655,1704,20210405,202104,405,2021,4,5,Monday
2021-04-06,-0.1052,2.0,13.9,19.2,1343,9.4,510,9.8,0.0,0.0,0,10.6,82.8,23.34,50.9,29.0,2.5,5.4,250.0,9.5,200.0,1445,1653,20210406,202104,406,2021,4,6,Tuesday
2021-04-07,0.10240000000000006,2.56,14.1,20.4,1335,8.1,607,12.3,0.0,0.0,0,11.9,92.2,24.49,47.5,24.0,2.5,6.2,270.0,11.1,250.0,1513,1623,20210407,202104,407,2021,4,7,Wednesday
2021-04-08,0.08040000000000003,2.04,13.0,18.0,1516,7.2,616,10.8,0.0,0.0,0,12.1,93.8,25.85,34.0,22.0,2.7,5.8,290.0,10.6,320.0,1801,1611,20210408,202104,408,2021,4,8,Thursday
2021-04-09,0.14640000000000009,3.0,13.6,19.6,1558,7.6,416,12.0,0.0,0.0,0,11.9,92.2,25.3,39.3,25.0,2.7,5.8,50.0,10.0,20.0,849,848,20210409,202104,409,2021,4,9,Friday
2021-04-10,0.13800000000000007,2.96,12.6,18.8,1459,7.7,607,11.1,0.0,0.0,0,11.5,88.5,23.77,50.0,28.0,2.6,4.7,270.0,8.0,250.0,1522,1531,20210410,202104,410,2021,4,10,Saturday
2021-04-11,0.30720000000000014,3.08,15.0,21.8,1610,7.5,639,14.3,0.0,0.0,0,10.6,81.5,22.57,45.4,24.0,1.7,3.9,250.0,6.4,270.0,1736,1713,20210411,202104,411,2021,4,11,Sunday
2021-04-12,-0.7943999999999999,1.0,13.8,17.8,1132,11.9,1703,5.9,22.0,5.4,1831,0.0,0.0,5.39,70.4,36.0,2.4,4.8,140.0,9.7,110.0,1317,1400,20210412,202104,412,2021,4,12,Monday
2021-04-13,-0.19520000000000004,1.64,10.4,13.5,1343,5.7,2355,7.8,8.0,3.0,-2351,2.9,22.1,14.95,74.0,53.0,3.7,5.7,250.0,10.2,270.0,1721,1354,20210413,202104,413,2021,4,13,Tuesday
2021-04-14,-0.010000000000000002,2.0,8.4,13.3,1224,3.1,544,10.2,0.0,0.0,0,12.4,94.7,27.31,58.5,30.0,2.9,6.9,270.0,11.2,320.0,1342,1345,20210414,202104,414,2021,4,14,Wednesday
2021-04-15,0.03880000000000001,2.04,11.6,18.3,1454,6.3,313,12.0,0.0,0.0,0,11.1,84.1,24.78,62.3,31.0,2.1,4.7,270.0,8.5,290.0,1639,1654,20210415,202104,415,2021,4,15,Thursday
2021-04-16,-0.5303999999999998,1.0,11.3,14.8,1602,8.1,2400,6.7,0.7,0.7,1057,3.7,28.0,8.59,60.0,35.0,2.6,5.7,200.0,10.9,180.0,1719,1003,20210416,202104,416,2021,4,16,Friday
2021-04-17,-0.6135999999999999,1.0,9.6,14.6,1527,6.0,611,8.6,0.0,0.0,0,3.5,26.5,13.62,56.6,33.0,2.6,7.1,290.0,12.5,180.0,1242,1602,20210417,202104,417,2021,4,17,Saturday
2021-04-18,0.030400000000000017,2.0,9.9,15.3,1602,5.6,607,9.7,0.0,0.0,0,11.9,89.5,26.94,64.3,39.0,3.2,5.7,250.0,10.9,320.0,1355,1336,20210418,202104,418,2021,4,18,Sunday
2021-04-19,0.1408,2.92,12.2,19.4,1440,5.8,542,13.6,0.0,0.0,0,12.1,91.0,26.18,65.3,44.0,2.4,4.9,200.0,8.8,180.0,1335,1642,20210419,202104,419,2021,4,19,Monday
2021-04-20,0.2760000000000002,3.0,14.8,22.0,1552,8.1,614,13.9,0.0,0.0,0,11.0,82.1,24.8,55.1,27.0,1.9,4.5,270.0,7.3,290.0,1811,1711,20210420,202104,420,2021,4,20,Tuesday
2021-04-21,0.5784,4.0,19.1,28.2,1601,10.3,601,17.9,0.0,0.0,0,11.1,82.8,25.12,43.1,21.0,1.8,4.3,250.0,7.0,250.0,2055,2102,20210421,202104,421,2021,4,21,Wednesday
2021-04-22,0.10000000000000003,2.0,20.9,27.5,1356,16.1,251,11.4,0.0,0.0,0,2.6,19.4,15.7,37.9,22.0,2.5,5.0,50.0,10.0,320.0,2218,942,20210422,202104,422,2021,4,22,Thursday
2021-04-23,-0.2348,1.52,19.0,21.7,1350,17.0,703,4.7,0.0,0.0,0,0.3,2.2,8.36,41.4,29.0,3.2,6.9,50.0,11.3,50.0,1045,1412,20210423,202104,423,2021,4,23,Friday
2021-04-24,0.016800000000000002,2.0,18.3,22.2,1540,15.3,637,6.9,0.0,0.0,0,1.6,11.9,13.65,43.0,23.0,2.7,5.2,340.0,8.2,50.0,259,1431,20210424,202104,424,2021,4,24,Saturday
2021-04-25,0.3936000000000001,4.0,18.2,24.0,1645,12.6,500,11.4,0.0,0.0,0,11.5,84.6,27.12,50.0,31.0,2.7,5.6,50.0,11.3,70.0,735,748,20210425,202104,425,2021,4,25,Sunday
2021-04-26,0.01760000000000001,2.12,16.2,20.6,1408,12.3,614,8.3,0.0,0.0,0,9.2,67.6,21.57,51.8,27.0,2.6,4.6,290.0,8.5,200.0,1310,1651,20210426,202104,426,2021,4,26,Monday
2021-04-27,-0.2192000000000001,2.0,15.4,20.0,1427,12.5,430,7.5,1.7,5.8,2331,0.5,3.7,10.37,62.4,38.0,2.3,5.0,230.0,9.0,200.0,2304,1835,20210427,202104,427,2021,4,27,Tuesday
2021-04-28,0.08840000000000002,2.48,14.5,18.2,1419,11.2,602,7.0,4.7,4.7,1,2.2,16.2,16.09,64.1,35.0,2.4,4.8,230.0,9.7,180.0,49,57,20210428,202104,428,2021,4,28,Wednesday
2021-04-29,0.06440000000000003,2.08,14.6,20.1,1609,10.9,538,9.2,3.9,4.3,2313,4.4,32.1,15.99,54.1,30.0,2.3,6.4,200.0,11.0,180.0,2232,2235,20210429,202104,429,2021,4,29,Thursday
2021-04-30,-0.32040000000000013,1.0,11.3,14.6,1227,8.6,414,6.0,26.3,8.9,245,1.1,8.0,9.45,81.8,63.0,2.4,5.2,200.0,8.5,160.0,1445,1449,20210430,202104,430,2021,4,30,Friday
2021-05-01,-0.6932000000000004,1.0,10.2,15.3,1256,8.5,2326,6.8,8.0,5.3,1419,1.2,8.7,11.89,80.8,47.0,2.7,6.3,320.0,10.3,290.0,1418,1425,20210501,202105,501,2021,5,1,Saturday
2021-05-02,0.1324,2.96,12.4,18.7,1436,7.3,602,11.4,1.7,1.2,24,10.8,78.3,27.71,67.9,41.0,3.1,5.3,270.0,9.3,290.0,1720,1740,20210502,202105,502,2021,5,2,Sunday
2021-05-03,0.22559999999999994,3.0,14.1,20.3,1520,8.4,555,11.9,0.0,0.0,0,11.6,84.1,27.7,56.4,27.0,2.1,4.9,200.0,8.6,270.0,1559,1348,20210503,202105,503,2021,5,3,Monday
2021-05-04,-0.6828000000000002,1.0,13.8,15.8,1915,11.4,300,4.4,19.6,5.1,1436,0.0,0.0,3.68,82.6,53.0,2.1,4.8,290.0,9.3,290.0,2346,2149,20210504,202105,504,2021,5,4,Tuesday
2021-05-05,0.029600000000000008,2.0,13.9,18.4,1509,10.3,620,8.1,0.1,0.4,-2331,11.5,82.7,28.34,64.4,29.0,3.5,6.7,250.0,13.1,270.0,1417,1544,20210505,202105,505,2021,5,5,Wednesday
2021-05-06,0.2519999999999999,2.84,15.7,23.1,1420,7.9,538,15.2,0.0,0.0,0,10.6,76.3,23.81,46.4,27.0,2.4,6.5,230.0,11.8,230.0,1612,1620,20210506,202105,506,2021,5,6,Thursday
2021-05-07,-0.5959999999999999,1.0,14.4,17.2,1505,10.7,2357,6.5,8.8,8.8,915,5.9,42.4,17.12,60.3,38.0,3.4,6.7,230.0,12.6,200.0,1418,1352,20210507,202105,507,2021,5,7,Friday
2021-05-08,0.14600000000000002,3.0,14.3,21.0,1437,8.9,547,12.1,0.0,0.0,0,8.9,63.6,23.01,66.1,36.0,3.4,8.4,200.0,15.4,180.0,1600,1557,20210508,202105,508,2021,5,8,Saturday
2021-05-09,0.27839999999999987,3.0,15.7,21.8,1551,10.0,513,11.8,0.0,0.0,0,13.0,92.9,30.44,51.3,25.0,3.5,7.9,270.0,14.3,270.0,1357,1037,20210509,202105,509,2021,5,9,Sunday
2021-05-10,-0.5995999999999999,1.0,13.2,14.6,1716,11.7,230,2.9,0.0,0.0,0,0.0,0.0,4.69,67.9,59.0,1.8,4.0,200.0,6.7,200.0,507,513,20210510,202105,510,2021,5,10,Monday
2021-05-11,0.5167999999999998,4.0,18.5,25.7,1514,9.4,414,16.3,0.0,0.0,0,13.2,93.6,27.17,48.9,28.0,2.7,5.0,110.0,10.5,140.0,2150,1704,20210511,202105,511,2021,5,11,Tuesday
2021-05-12,0.384,3.6,22.0,27.7,1626,16.9,529,10.8,0.0,0.0,0,11.0,78.0,26.51,39.5,26.0,2.2,3.7,50.0,6.9,50.0,819,824,20210512,202105,512,2021,5,12,Wednesday
2021-05-13,0.5100000000000001,4.0,22.9,29.6,1459,16.6,542,13.0,0.0,0.0,0,12.8,90.8,27.3,54.4,36.0,1.9,4.2,250.0,7.2,200.0,1556,1807,20210513,202105,513,2021,5,13,Thursday
2021-05-14,0.4543999999999999,4.0,24.1,30.8,1541,18.0,558,12.8,0.0,0.0,0,10.8,76.1,24.38,60.3,35.0,1.7,4.3,250.0,7.4,250.0,1806,1811,20210514,202105,514,2021,5,14,Friday
2021-05-15,-0.16999999999999996,2.0,22.1,26.2,1204,20.8,1911,5.4,15.0,5.8,1302,0.5,3.5,9.42,79.5,56.0,1.7,3.6,110.0,6.1,110.0,1110,1048,20210515,202105,515,2021,5,15,Saturday
2021-05-16,-0.6292000000000003,1.0,18.4,20.8,1,14.8,2345,6.0,66.9,11.3,1853,0.0,0.0,3.05,97.6,94.0,2.5,4.4,180.0,8.9,50.0,1730,724,20210516,202105,516,2021,5,16,Sunday
2021-05-17,-0.42960000000000015,1.0,15.3,16.7,1815,14.2,442,2.5,3.1,1.7,1115,0.0,0.0,5.21,93.0,86.0,1.6,3.1,50.0,5.3,50.0,2,2,20210517,202105,517,2021,5,17,Monday
2021-05-18,0.5359999999999999,4.0,17.9,24.5,1611,13.6,403,10.9,0.0,0.0,0,8.4,58.7,24.12,70.5,45.0,1.7,4.5,270.0,7.3,250.0,1659,1702,20210518,202105,518,2021,5,18,Tuesday
2021-05-19,0.58,4.0,19.9,26.6,1503,12.4,557,14.2,0.0,0.0,0,13.2,92.3,29.93,52.3,31.0,1.8,4.4,250.0,7.4,250.0,1539,1525,20210519,202105,519,2021,5,19,Wednesday
2021-05-20,-0.31920000000000004,1.0,18.7,22.9,1252,15.6,2335,7.3,0.9,0.5,2219,0.0,0.0,6.8,59.8,42.0,2.5,6.2,90.0,13.0,110.0,1629,1610,20210520,202105,520,2021,5,20,Thursday
2021-05-21,-0.38360000000000005,1.0,16.0,18.2,1820,14.2,637,4.0,6.9,2.0,1401,0.9,6.3,7.35,86.5,73.0,1.7,4.2,50.0,7.1,50.0,12,49,20210521,202105,521,2021,5,21,Friday
2021-05-22,0.5071999999999998,4.0,18.6,23.8,1309,13.8,531,10.0,0.2,0.2,0,12.7,88.2,28.69,69.3,43.0,2.5,6.2,270.0,9.5,250.0,1505,1506,20210522,202105,522,2021,5,22,Saturday
2021-05-23,0.2683999999999998,3.0,19.5,25.1,1328,14.3,521,10.8,0.0,0.0,0,6.0,41.7,19.28,64.4,46.0,1.7,4.8,270.0,7.9,270.0,2024,2028,20210523,202105,523,2021,5,23,Sunday
2021-05-24,0.3424000000000001,3.52,19.4,24.5,1525,16.4,536,8.1,0.0,0.0,0,9.1,63.2,26.9,61.0,28.0,2.7,5.6,270.0,9.2,270.0,1655,1441,20210524,202105,524,2021,5,24,Monday
2021-05-25,-0.45760000000000006,1.0,15.3,19.3,1632,11.9,854,7.4,8.3,5.4,534,6.4,44.1,19.29,72.3,37.0,3.2,7.4,250.0,12.8,270.0,1450,1426,20210525,202105,525,2021,5,25,Tuesday
2021-05-26,-0.019600000000000013,2.0,18.0,23.0,1513,11.5,513,11.5,0.0,0.0,0,5.3,36.6,17.95,58.5,31.0,2.9,6.5,200.0,13.1,200.0,1451,1518,20210526,202105,526,2021,5,26,Wednesday
2021-05-27,-0.34679999999999994,1.16,15.8,18.7,1611,13.9,2301,4.8,8.9,6.5,642,0.5,3.4,5.08,83.0,52.0,2.8,5.2,230.0,9.1,180.0,1644,1205,20210527,202105,527,2021,5,27,Thursday
2021-05-28,-0.8388000000000002,1.0,15.3,19.7,1556,12.4,844,7.3,12.3,4.7,502,1.9,13.1,11.26,86.0,66.0,2.6,5.0,230.0,10.2,250.0,1748,1728,20210528,202105,528,2021,5,28,Friday
2021-05-29,-0.14680000000000007,2.0,15.4,19.1,1017,12.8,2353,6.3,0.3,0.2,0,3.9,26.9,10.45,79.8,59.0,2.2,3.7,250.0,7.3,230.0,9,49,20210529,202105,529,2021,5,29,Saturday
2021-05-30,0.4808,4.0,18.4,26.3,1603,10.8,540,15.5,18.1,11.3,2249,11.6,79.5,29.45,73.0,37.0,2.1,7.6,270.0,16.0,270.0,1923,1931,20210530,202105,530,2021,5,30,Sunday
2021-05-31,0.09840000000000003,2.0,19.9,23.8,1725,16.5,417,7.3,4.0,4.7,-2349,2.0,13.7,12.52,78.9,63.0,1.8,3.5,50.0,5.7,20.0,1619,1624,20210531,202105,531,2021,5,31,Monday
2021-06-01,-0.16000000000000003,2.0,20.2,23.9,1311,15.9,811,8.0,3.2,2.3,712,1.9,13.0,13.01,74.6,57.0,2.2,5.4,320.0,9.0,290.0,527,533,20210601,202106,601,2021,6,1,Tuesday
2021-06-02,0.41719999999999985,4.0,23.2,29.7,1531,16.6,453,13.1,0.0,0.0,0,11.9,81.5,26.82,64.4,37.0,2.1,4.5,290.0,8.2,290.0,1827,1718,20210602,202106,602,2021,6,2,Wednesday
2021-06-03,-0.4316,1.0,19.1,22.7,1143,14.6,2335,8.1,18.1,5.1,1944,0.2,1.4,5.11,80.8,59.0,1.8,7.5,320.0,14.3,340.0,2039,2041,20210603,202106,603,2021,6,3,Thursday
2021-06-04,0.43440000000000006,4.0,18.5,23.6,1530,13.3,419,10.3,0.0,0.0,0,10.9,74.7,29.01,69.4,38.0,2.9,6.0,200.0,10.4,230.0,1555,1556,20210604,202106,604,2021,6,4,Friday
2021-06-05,0.38000000000000006,4.0,20.8,25.7,1524,17.0,359,8.7,0.0,0.0,0,8.4,57.1,23.11,68.1,40.0,3.3,5.5,180.0,9.9,200.0,1805,1757,20210605,202106,605,2021,6,5,Saturday
2021-06-06,0.21119999999999997,3.04,23.0,28.2,1529,18.4,138,9.8,0.0,0.0,0,8.3,56.5,23.46,69.6,48.0,2.2,3.8,200.0,7.0,230.0,240,249,20210606,202106,606,2021,6,6,Sunday
2021-06-07,0.09440000000000003,2.0,21.1,24.0,1734,19.4,353,4.6,0.0,0.0,0,0.3,2.0,7.02,71.5,57.0,1.7,3.3,140.0,6.0,110.0,1010,1011,20210607,202106,607,2021,6,7,Monday
2021-06-08,0.05159999999999999,2.4,23.6,29.5,1539,18.8,533,10.7,0.1,0.1,0,7.1,48.3,21.25,69.6,43.0,1.7,3.6,250.0,6.6,290.0,1652,1630,20210608,202106,608,2021,6,8,Tuesday
2021-06-09,0.172,2.96,25.8,31.6,1525,19.5,453,12.1,0.0,0.0,0,9.9,67.3,24.78,59.1,36.0,1.6,3.4,50.0,5.7,90.0,1823,1824,20210609,202106,609,2021,6,9,Wednesday
2021-06-10,0.062,2.28,24.9,29.8,1441,20.5,2349,9.3,6.1,5.1,2257,1.3,8.8,14.13,68.5,43.0,2.2,5.4,200.0,9.0,200.0,1456,1500,20210610,202106,610,2021,6,10,Thursday
2021-06-11,0.09640000000000003,2.0,21.5,24.4,1628,19.9,50,4.5,4.6,2.6,219,1.8,12.2,10.08,84.5,70.0,2.8,5.7,180.0,11.4,110.0,132,505,20210611,202106,611,2021,6,11,Friday
2021-06-12,0.34600000000000003,3.72,24.2,30.2,1514,18.2,444,12.0,0.0,0.0,0,9.1,61.9,26.92,74.6,49.0,1.8,3.9,320.0,6.3,340.0,1731,1732,20210612,202106,612,2021,6,12,Saturday
2021-06-13,0.2872,3.12,24.8,29.7,1620,20.9,513,8.8,0.0,0.0,0,10.2,69.4,26.48,72.6,54.0,2.0,4.3,250.0,6.9,250.0,1500,1735,20210613,202106,613,2021,6,13,Sunday
2021-06-14,0.25480000000000014,3.04,24.8,30.2,1452,18.9,609,11.3,0.0,0.0,0,8.3,56.1,22.29,68.8,50.0,2.1,4.0,250.0,5.9,270.0,1521,2042,20210614,202106,614,2021,6,14,Monday
2021-06-15,-0.3324000000000001,1.16,22.5,25.3,1751,21.5,523,3.8,1.9,0.9,1018,1.6,10.8,7.61,79.1,68.0,2.3,3.9,50.0,7.7,50.0,2235,1701,20210615,202106,615,2021,6,15,Tuesday
2021-06-16,0.28680000000000005,3.0,24.3,28.9,1622,20.3,347,8.6,0.0,0.0,0,11.5,77.7,27.3,59.9,46.0,3.6,5.7,50.0,11.5,50.0,955,1118,20210616,202106,616,2021,6,16,Wednesday
2021-06-17,0.10960000000000004,2.16,21.9,25.0,1247,19.6,439,5.4,0.0,0.0,0,0.3,2.0,9.59,71.4,58.0,2.4,3.6,50.0,7.1,110.0,57,12,20210617,202106,617,2021,6,17,Thursday
2021-06-18,-0.16000000000000003,2.0,20.0,21.4,1711,19.0,601,2.4,6.3,1.7,553,0.0,0.0,4.5,92.1,82.0,2.5,3.8,200.0,7.2,200.0,500,1520,20210618,202106,618,2021,6,18,Friday
2021-06-19,0.46360000000000007,4.0,22.3,27.4,1553,17.5,550,9.9,0.0,0.0,0,10.5,70.9,26.47,74.0,49.0,1.8,3.7,270.0,6.9,160.0,1200,1600,20210619,202106,619,2021,6,19,Saturday
2021-06-20,0.36279999999999996,3.76,22.9,29.0,1319,17.6,520,11.4,0.0,0.0,0,10.7,72.3,25.87,73.3,48.0,2.8,6.8,230.0,12.7,270.0,1408,1354,20210620,202106,620,2021,6,20,Sunday
